<?xml version="1.0" encoding="UTF-8"?>
<export version="D">
  <design>
    <source>C:\Users\barto\Desktop\Prototype\Prototype\Prototype.sch</source>
    <date>08.09.2021 10:48:39</date>
    <tool>Eeschema (5.1.9)-1</tool>
    <sheet number="1" name="/" tstamps="/">
      <title_block>
        <title>Prototyp</title>
        <company/>
        <rev>1.0</rev>
        <date>2021-03-26</date>
        <source>Prototype.sch</source>
        <comment number="1" value=""/>
        <comment number="2" value=""/>
        <comment number="3" value=""/>
        <comment number="4" value=""/>
      </title_block>
    </sheet>
  </design>
  <components>
    <comp ref="SW1">
      <value>SW_SPDT</value>
      <footprint>Button_Switch_SMD:SW_SPDT_PCM12</footprint>
      <datasheet>~</datasheet>
      <fields>
        <field name="LCSC Part#">C221841</field>
      </fields>
      <libsource lib="Switch" part="SW_SPDT" description="Switch, single pole double throw"/>
      <sheetpath names="/" tstamps="/"/>
      <tstamp>605EFC37</tstamp>
    </comp>
    <comp ref="R11">
      <value>10k</value>
      <footprint>Resistor_SMD:R_0402_1005Metric</footprint>
      <datasheet>~</datasheet>
      <fields>
        <field name="LCSC Part#">C25744</field>
      </fields>
      <libsource lib="Device" part="R_Small" description="Resistor, small symbol"/>
      <sheetpath names="/" tstamps="/"/>
      <tstamp>605F1FB2</tstamp>
    </comp>
    <comp ref="C9">
      <value>4u7</value>
      <footprint>Capacitor_SMD:C_0603_1608Metric</footprint>
      <datasheet>~</datasheet>
      <fields>
        <field name="LCSC Part#">C19666</field>
      </fields>
      <libsource lib="Device" part="C_Small" description="Unpolarized capacitor, small symbol"/>
      <sheetpath names="/" tstamps="/"/>
      <tstamp>605FD9F3</tstamp>
    </comp>
    <comp ref="C10">
      <value>100n</value>
      <footprint>Capacitor_SMD:C_0402_1005Metric</footprint>
      <datasheet>~</datasheet>
      <fields>
        <field name="LCSC Part#">C1525</field>
      </fields>
      <libsource lib="Device" part="C_Small" description="Unpolarized capacitor, small symbol"/>
      <sheetpath names="/" tstamps="/"/>
      <tstamp>605FE440</tstamp>
    </comp>
    <comp ref="C11">
      <value>100n</value>
      <footprint>Capacitor_SMD:C_0402_1005Metric</footprint>
      <datasheet>~</datasheet>
      <fields>
        <field name="LCSC Part#">C1525</field>
      </fields>
      <libsource lib="Device" part="C_Small" description="Unpolarized capacitor, small symbol"/>
      <sheetpath names="/" tstamps="/"/>
      <tstamp>605FE800</tstamp>
    </comp>
    <comp ref="C12">
      <value>100n</value>
      <footprint>Capacitor_SMD:C_0402_1005Metric</footprint>
      <datasheet>~</datasheet>
      <fields>
        <field name="LCSC Part#">C1525</field>
      </fields>
      <libsource lib="Device" part="C_Small" description="Unpolarized capacitor, small symbol"/>
      <sheetpath names="/" tstamps="/"/>
      <tstamp>605FEB90</tstamp>
    </comp>
    <comp ref="C13">
      <value>100n</value>
      <footprint>Capacitor_SMD:C_0402_1005Metric</footprint>
      <datasheet>~</datasheet>
      <fields>
        <field name="LCSC Part#">C1525</field>
      </fields>
      <libsource lib="Device" part="C_Small" description="Unpolarized capacitor, small symbol"/>
      <sheetpath names="/" tstamps="/"/>
      <tstamp>605FEE35</tstamp>
    </comp>
    <comp ref="C14">
      <value>100n</value>
      <footprint>Capacitor_SMD:C_0402_1005Metric</footprint>
      <datasheet>~</datasheet>
      <fields>
        <field name="LCSC Part#">C1525</field>
      </fields>
      <libsource lib="Device" part="C_Small" description="Unpolarized capacitor, small symbol"/>
      <sheetpath names="/" tstamps="/"/>
      <tstamp>605FF09B</tstamp>
    </comp>
    <comp ref="L3">
      <value>39n</value>
      <footprint>Inductor_SMD:L_0402_1005Metric</footprint>
      <datasheet>~</datasheet>
      <fields>
        <field name="LCSC Part#">C26443</field>
      </fields>
      <libsource lib="Device" part="L_Small" description="Inductor, small symbol"/>
      <sheetpath names="/" tstamps="/"/>
      <tstamp>60609E3B</tstamp>
    </comp>
    <comp ref="C15">
      <value>1u</value>
      <footprint>Capacitor_SMD:C_0402_1005Metric</footprint>
      <datasheet>~</datasheet>
      <fields>
        <field name="LCSC Part#">C52923</field>
      </fields>
      <libsource lib="Device" part="C_Small" description="Unpolarized capacitor, small symbol"/>
      <sheetpath names="/" tstamps="/"/>
      <tstamp>6060BBDC</tstamp>
    </comp>
    <comp ref="C16">
      <value>10n</value>
      <footprint>Capacitor_SMD:C_0402_1005Metric</footprint>
      <datasheet>~</datasheet>
      <fields>
        <field name="LCSC Part#">C15195</field>
      </fields>
      <libsource lib="Device" part="C_Small" description="Unpolarized capacitor, small symbol"/>
      <sheetpath names="/" tstamps="/"/>
      <tstamp>6060C4B4</tstamp>
    </comp>
    <comp ref="Y1">
      <value>16MHz</value>
      <footprint>Crystal:Crystal_SMD_3225-4Pin_3.2x2.5mm</footprint>
      <datasheet>~</datasheet>
      <fields>
        <field name="LCSC Part#">C13738</field>
      </fields>
      <libsource lib="Device" part="Crystal_GND24_Small" description="Four pin crystal, GND on pins 2 and 4, small symbol"/>
      <sheetpath names="/" tstamps="/"/>
      <tstamp>606147A3</tstamp>
    </comp>
    <comp ref="C19">
      <value>12p</value>
      <footprint>Capacitor_SMD:C_0402_1005Metric</footprint>
      <datasheet>~</datasheet>
      <fields>
        <field name="LCSC Part#">C1547</field>
      </fields>
      <libsource lib="Device" part="C_Small" description="Unpolarized capacitor, small symbol"/>
      <sheetpath names="/" tstamps="/"/>
      <tstamp>60617F0F</tstamp>
    </comp>
    <comp ref="C20">
      <value>12p</value>
      <footprint>Capacitor_SMD:C_0402_1005Metric</footprint>
      <datasheet>~</datasheet>
      <fields>
        <field name="LCSC Part#">C1547</field>
      </fields>
      <libsource lib="Device" part="C_Small" description="Unpolarized capacitor, small symbol"/>
      <sheetpath names="/" tstamps="/"/>
      <tstamp>6061867E</tstamp>
    </comp>
    <comp ref="R13">
      <value>47</value>
      <footprint>Resistor_SMD:R_0402_1005Metric</footprint>
      <datasheet>~</datasheet>
      <fields>
        <field name="LCSC Part#">C25118</field>
      </fields>
      <libsource lib="Device" part="R_Small" description="Resistor, small symbol"/>
      <sheetpath names="/" tstamps="/"/>
      <tstamp>6061F9CD</tstamp>
    </comp>
    <comp ref="D4">
      <value>BLUE</value>
      <footprint>LED_SMD:LED_0603_1608Metric</footprint>
      <datasheet>~</datasheet>
      <fields>
        <field name="LCSC Part#">C72041</field>
      </fields>
      <libsource lib="Device" part="LED_Small" description="Light emitting diode, small symbol"/>
      <sheetpath names="/" tstamps="/"/>
      <tstamp>606D6586</tstamp>
    </comp>
    <comp ref="R12">
      <value>1k5</value>
      <footprint>Resistor_SMD:R_0603_1608Metric</footprint>
      <datasheet>~</datasheet>
      <fields>
        <field name="LCSC Part#">C22843</field>
      </fields>
      <libsource lib="Device" part="R_Small" description="Resistor, small symbol"/>
      <sheetpath names="/" tstamps="/"/>
      <tstamp>606D8CF1</tstamp>
    </comp>
    <comp ref="J13">
      <value>SWD</value>
      <footprint>Connector_PinHeader_1.27mm:PinHeader_2x05_P1.27mm_Vertical_SMD</footprint>
      <datasheet>~</datasheet>
      <libsource lib="Connector_Generic" part="Conn_02x05_Odd_Even" description="Generic connector, double row, 02x05, odd/even pin numbering scheme (row 1 odd numbers, row 2 even numbers), script generated (kicad-library-utils/schlib/autogen/connector/)"/>
      <sheetpath names="/" tstamps="/"/>
      <tstamp>606E1130</tstamp>
    </comp>
    <comp ref="R22">
      <value>22</value>
      <footprint>Resistor_SMD:R_0402_1005Metric</footprint>
      <datasheet>~</datasheet>
      <fields>
        <field name="LCSC Part#">C25092</field>
      </fields>
      <libsource lib="Device" part="R_Small" description="Resistor, small symbol"/>
      <sheetpath names="/" tstamps="/"/>
      <tstamp>606E505C</tstamp>
    </comp>
    <comp ref="R23">
      <value>22</value>
      <footprint>Resistor_SMD:R_0402_1005Metric</footprint>
      <datasheet>~</datasheet>
      <fields>
        <field name="LCSC Part#">C25092</field>
      </fields>
      <libsource lib="Device" part="R_Small" description="Resistor, small symbol"/>
      <sheetpath names="/" tstamps="/"/>
      <tstamp>606F116C</tstamp>
    </comp>
    <comp ref="R14">
      <value>2k2</value>
      <footprint>Resistor_SMD:R_0603_1608Metric</footprint>
      <datasheet>~</datasheet>
      <fields>
        <field name="LCSC Part#">C4190</field>
      </fields>
      <libsource lib="Device" part="R_Small" description="Resistor, small symbol"/>
      <sheetpath names="/" tstamps="/"/>
      <tstamp>606FF364</tstamp>
    </comp>
    <comp ref="R15">
      <value>2k2</value>
      <footprint>Resistor_SMD:R_0603_1608Metric</footprint>
      <datasheet>~</datasheet>
      <fields>
        <field name="LCSC Part#">C4190</field>
      </fields>
      <libsource lib="Device" part="R_Small" description="Resistor, small symbol"/>
      <sheetpath names="/" tstamps="/"/>
      <tstamp>606FF98D</tstamp>
    </comp>
    <comp ref="J11">
      <value>I2C2</value>
      <footprint>Connector_Molex:Molex_PicoBlade_53047-0410_1x04_P1.25mm_Vertical</footprint>
      <datasheet>~</datasheet>
      <libsource lib="Connector_Generic" part="Conn_01x04" description="Generic connector, single row, 01x04, script generated (kicad-library-utils/schlib/autogen/connector/)"/>
      <sheetpath names="/" tstamps="/"/>
      <tstamp>6071169A</tstamp>
    </comp>
    <comp ref="J12">
      <value>USART</value>
      <footprint>Connector_Molex:Molex_PicoBlade_53047-0410_1x04_P1.25mm_Vertical</footprint>
      <datasheet>~</datasheet>
      <libsource lib="Connector_Generic" part="Conn_01x04" description="Generic connector, single row, 01x04, script generated (kicad-library-utils/schlib/autogen/connector/)"/>
      <sheetpath names="/" tstamps="/"/>
      <tstamp>6071290F</tstamp>
    </comp>
    <comp ref="J14">
      <value>USB_B_Micro</value>
      <footprint>Connector_USB:USB_Micro-B_Wuerth_629105150521_CircularHoles</footprint>
      <datasheet>~</datasheet>
      <libsource lib="Connector" part="USB_B_Micro" description="USB Micro Type B connector"/>
      <sheetpath names="/" tstamps="/"/>
      <tstamp>6073A6B5</tstamp>
    </comp>
    <comp ref="U3">
      <value>USBLC6-2SC6</value>
      <footprint>Package_TO_SOT_SMD:SOT-23-6</footprint>
      <datasheet>https://www.st.com/resource/en/datasheet/usblc6-2.pdf</datasheet>
      <fields>
        <field name="LCSC Part#">C558442</field>
      </fields>
      <libsource lib="Power_Protection" part="USBLC6-2SC6" description="Very low capacitance ESD protection diode, 2 data-line, SOT-23-6"/>
      <sheetpath names="/" tstamps="/"/>
      <tstamp>60740323</tstamp>
    </comp>
    <comp ref="J5">
      <value>SERVO_4</value>
      <footprint>Connector_PinHeader_2.00mm:PinHeader_1x03_P2.00mm_Vertical</footprint>
      <datasheet>~</datasheet>
      <libsource lib="Connector_Generic" part="Conn_01x03" description="Generic connector, single row, 01x03, script generated (kicad-library-utils/schlib/autogen/connector/)"/>
      <sheetpath names="/" tstamps="/"/>
      <tstamp>60AF9607</tstamp>
    </comp>
    <comp ref="J6">
      <value>SERVO_5</value>
      <footprint>Connector_PinHeader_2.00mm:PinHeader_1x03_P2.00mm_Vertical</footprint>
      <datasheet>~</datasheet>
      <libsource lib="Connector_Generic" part="Conn_01x03" description="Generic connector, single row, 01x03, script generated (kicad-library-utils/schlib/autogen/connector/)"/>
      <sheetpath names="/" tstamps="/"/>
      <tstamp>60AFCF02</tstamp>
    </comp>
    <comp ref="J7">
      <value>SERVO_6</value>
      <footprint>Connector_PinHeader_2.00mm:PinHeader_1x03_P2.00mm_Vertical</footprint>
      <datasheet>~</datasheet>
      <libsource lib="Connector_Generic" part="Conn_01x03" description="Generic connector, single row, 01x03, script generated (kicad-library-utils/schlib/autogen/connector/)"/>
      <sheetpath names="/" tstamps="/"/>
      <tstamp>60AFD639</tstamp>
    </comp>
    <comp ref="J8">
      <value>SERVO_7</value>
      <footprint>Connector_PinHeader_2.00mm:PinHeader_1x03_P2.00mm_Vertical</footprint>
      <datasheet>~</datasheet>
      <libsource lib="Connector_Generic" part="Conn_01x03" description="Generic connector, single row, 01x03, script generated (kicad-library-utils/schlib/autogen/connector/)"/>
      <sheetpath names="/" tstamps="/"/>
      <tstamp>60AFDD62</tstamp>
    </comp>
    <comp ref="J9">
      <value>SERVO_8</value>
      <footprint>Connector_PinHeader_2.00mm:PinHeader_1x03_P2.00mm_Vertical</footprint>
      <datasheet>~</datasheet>
      <libsource lib="Connector_Generic" part="Conn_01x03" description="Generic connector, single row, 01x03, script generated (kicad-library-utils/schlib/autogen/connector/)"/>
      <sheetpath names="/" tstamps="/"/>
      <tstamp>60AFE4FC</tstamp>
    </comp>
    <comp ref="J4">
      <value>SERVO_3</value>
      <footprint>Connector_PinHeader_2.00mm:PinHeader_1x03_P2.00mm_Vertical</footprint>
      <datasheet>~</datasheet>
      <libsource lib="Connector_Generic" part="Conn_01x03" description="Generic connector, single row, 01x03, script generated (kicad-library-utils/schlib/autogen/connector/)"/>
      <sheetpath names="/" tstamps="/"/>
      <tstamp>60AFEB69</tstamp>
    </comp>
    <comp ref="J3">
      <value>SERVO_2</value>
      <footprint>Connector_PinHeader_2.00mm:PinHeader_1x03_P2.00mm_Vertical</footprint>
      <datasheet>~</datasheet>
      <libsource lib="Connector_Generic" part="Conn_01x03" description="Generic connector, single row, 01x03, script generated (kicad-library-utils/schlib/autogen/connector/)"/>
      <sheetpath names="/" tstamps="/"/>
      <tstamp>60AFF1CA</tstamp>
    </comp>
    <comp ref="J2">
      <value>SERVO_1</value>
      <footprint>Connector_PinHeader_2.00mm:PinHeader_1x03_P2.00mm_Vertical</footprint>
      <datasheet>~</datasheet>
      <libsource lib="Connector_Generic" part="Conn_01x03" description="Generic connector, single row, 01x03, script generated (kicad-library-utils/schlib/autogen/connector/)"/>
      <sheetpath names="/" tstamps="/"/>
      <tstamp>60AFFB9D</tstamp>
    </comp>
    <comp ref="Q1">
      <value>AO3401A</value>
      <footprint>Package_TO_SOT_SMD:SOT-23</footprint>
      <datasheet>http://www.aosmd.com/pdfs/datasheet/AO3401A.pdf</datasheet>
      <fields>
        <field name="LCSC Part#">C15127</field>
      </fields>
      <libsource lib="Transistor_FET" part="AO3401A" description="-4.0A Id, -30V Vds, P-Channel MOSFET, SOT-23"/>
      <sheetpath names="/" tstamps="/"/>
      <tstamp>60BF120C</tstamp>
    </comp>
    <comp ref="FB1">
      <value>600@ 600MHz</value>
      <footprint>Inductor_SMD:L_0805_2012Metric</footprint>
      <datasheet>~</datasheet>
      <fields>
        <field name="LCSC Part#">C1017</field>
      </fields>
      <libsource lib="Device" part="Ferrite_Bead" description="Ferrite bead"/>
      <sheetpath names="/" tstamps="/"/>
      <tstamp>60BF96A4</tstamp>
    </comp>
    <comp ref="C1">
      <value>10u</value>
      <footprint>Capacitor_SMD:C_1206_3216Metric</footprint>
      <datasheet>~</datasheet>
      <fields>
        <field name="LCSC Part#">C13585</field>
      </fields>
      <libsource lib="Device" part="C_Small" description="Unpolarized capacitor, small symbol"/>
      <sheetpath names="/" tstamps="/"/>
      <tstamp>60C01BCE</tstamp>
    </comp>
    <comp ref="R4">
      <value>100k</value>
      <footprint>Resistor_SMD:R_0603_1608Metric</footprint>
      <datasheet>~</datasheet>
      <fields>
        <field name="LCSC Part#">C25803</field>
      </fields>
      <libsource lib="Device" part="R_Small" description="Resistor, small symbol"/>
      <sheetpath names="/" tstamps="/"/>
      <tstamp>60C14B21</tstamp>
    </comp>
    <comp ref="R5">
      <value>56k</value>
      <footprint>Resistor_SMD:R_0603_1608Metric</footprint>
      <datasheet>~</datasheet>
      <fields>
        <field name="LCSC Part#">C23206</field>
      </fields>
      <libsource lib="Device" part="R_Small" description="Resistor, small symbol"/>
      <sheetpath names="/" tstamps="/"/>
      <tstamp>60C15622</tstamp>
    </comp>
    <comp ref="C4">
      <value>10u</value>
      <footprint>Capacitor_SMD:C_1206_3216Metric</footprint>
      <datasheet>~</datasheet>
      <fields>
        <field name="LCSC Part#">C13585</field>
      </fields>
      <libsource lib="Device" part="C_Small" description="Unpolarized capacitor, small symbol"/>
      <sheetpath names="/" tstamps="/"/>
      <tstamp>60C502B3</tstamp>
    </comp>
    <comp ref="C3">
      <value>10u</value>
      <footprint>Capacitor_SMD:C_1206_3216Metric</footprint>
      <datasheet>~</datasheet>
      <fields>
        <field name="LCSC Part#">C13585</field>
      </fields>
      <libsource lib="Device" part="C_Small" description="Unpolarized capacitor, small symbol"/>
      <sheetpath names="/" tstamps="/"/>
      <tstamp>60C4E9AA</tstamp>
    </comp>
    <comp ref="L1">
      <value>10u</value>
      <footprint>Inductor_SMD:L_Sunlord_MWSA0518_5.4x5.2mm</footprint>
      <datasheet>~</datasheet>
      <fields>
        <field name="LCSC Part#">C150031</field>
      </fields>
      <libsource lib="Device" part="L_Small" description="Inductor, small symbol"/>
      <sheetpath names="/" tstamps="/"/>
      <tstamp>60C47E4A</tstamp>
    </comp>
    <comp ref="D2">
      <value>B5819W</value>
      <footprint>Diode_SMD:D_SOD-123</footprint>
      <datasheet>~</datasheet>
      <fields>
        <field name="LCSC Part#">C8598</field>
      </fields>
      <libsource lib="Device" part="D_Schottky_Small" description="Schottky diode, small symbol"/>
      <sheetpath names="/" tstamps="/"/>
      <tstamp>60C39166</tstamp>
    </comp>
    <comp ref="R1">
      <value>47k</value>
      <footprint>Resistor_SMD:R_0603_1608Metric</footprint>
      <datasheet>~</datasheet>
      <fields>
        <field name="LCSC Part#">C25819</field>
      </fields>
      <libsource lib="Device" part="R_Small" description="Resistor, small symbol"/>
      <sheetpath names="/" tstamps="/"/>
      <tstamp>60C48DA4</tstamp>
    </comp>
    <comp ref="R2">
      <value>15k</value>
      <footprint>Resistor_SMD:R_0603_1608Metric</footprint>
      <datasheet>~</datasheet>
      <fields>
        <field name="LCSC Part#">C22809</field>
      </fields>
      <libsource lib="Device" part="R_Small" description="Resistor, small symbol"/>
      <sheetpath names="/" tstamps="/"/>
      <tstamp>60C49B6D</tstamp>
    </comp>
    <comp ref="R3">
      <value>270</value>
      <footprint>Resistor_SMD:R_0603_1608Metric</footprint>
      <datasheet>~</datasheet>
      <fields>
        <field name="LCSC Part#">C22966</field>
      </fields>
      <libsource lib="Device" part="R_Small" description="Resistor, small symbol"/>
      <sheetpath names="/" tstamps="/"/>
      <tstamp>60C69DF2</tstamp>
    </comp>
    <comp ref="D1">
      <value>B5819W</value>
      <footprint>Diode_SMD:D_SOD-123</footprint>
      <datasheet>~</datasheet>
      <fields>
        <field name="LCSC Part#">C8598</field>
      </fields>
      <libsource lib="Device" part="D_Schottky_Small" description="Schottky diode, small symbol"/>
      <sheetpath names="/" tstamps="/"/>
      <tstamp>60CE3717</tstamp>
    </comp>
    <comp ref="U2">
      <value>MP2359DJ-LF-Z</value>
      <footprint>Package_TO_SOT_SMD:SOT-23-6</footprint>
      <fields>
        <field name="LCSC Part#">C14259</field>
      </fields>
      <libsource lib="Mojed" part="MP2359DJ-LF-Z" description=""/>
      <sheetpath names="/" tstamps="/"/>
      <tstamp>60D41D12</tstamp>
    </comp>
    <comp ref="F2">
      <value>750 mA</value>
      <footprint>Fuse:Fuse_1206_3216Metric</footprint>
      <datasheet>~</datasheet>
      <fields>
        <field name="LCSC Part#">C99562</field>
      </fields>
      <libsource lib="Device" part="Polyfuse" description="Resettable fuse, polymeric positive temperature coefficient"/>
      <sheetpath names="/" tstamps="/"/>
      <tstamp>60D43962</tstamp>
    </comp>
    <comp ref="Q2">
      <value>AO3401A</value>
      <footprint>Package_TO_SOT_SMD:SOT-23</footprint>
      <datasheet>http://www.aosmd.com/pdfs/datasheet/AO3401A.pdf</datasheet>
      <fields>
        <field name="LCSC Part#">C15127</field>
      </fields>
      <libsource lib="Transistor_FET" part="AO3401A" description="-4.0A Id, -30V Vds, P-Channel MOSFET, SOT-23"/>
      <sheetpath names="/" tstamps="/"/>
      <tstamp>60D4421F</tstamp>
    </comp>
    <comp ref="FB2">
      <value>600@ 600MHz</value>
      <footprint>Inductor_SMD:L_0805_2012Metric</footprint>
      <datasheet>~</datasheet>
      <fields>
        <field name="LCSC Part#">C1017</field>
      </fields>
      <libsource lib="Device" part="Ferrite_Bead" description="Ferrite bead"/>
      <sheetpath names="/" tstamps="/"/>
      <tstamp>60D45359</tstamp>
    </comp>
    <comp ref="C5">
      <value>10u</value>
      <footprint>Capacitor_SMD:C_1206_3216Metric</footprint>
      <datasheet>~</datasheet>
      <fields>
        <field name="LCSC Part#">C13585</field>
      </fields>
      <libsource lib="Device" part="C_Small" description="Unpolarized capacitor, small symbol"/>
      <sheetpath names="/" tstamps="/"/>
      <tstamp>60D458C4</tstamp>
    </comp>
    <comp ref="R9">
      <value>100k</value>
      <footprint>Resistor_SMD:R_0603_1608Metric</footprint>
      <datasheet>~</datasheet>
      <fields>
        <field name="LCSC Part#">C25803</field>
      </fields>
      <libsource lib="Device" part="R_Small" description="Resistor, small symbol"/>
      <sheetpath names="/" tstamps="/"/>
      <tstamp>60D81CCF</tstamp>
    </comp>
    <comp ref="R10">
      <value>56k</value>
      <footprint>Resistor_SMD:R_0603_1608Metric</footprint>
      <datasheet>~</datasheet>
      <fields>
        <field name="LCSC Part#">C23206</field>
      </fields>
      <libsource lib="Device" part="R_Small" description="Resistor, small symbol"/>
      <sheetpath names="/" tstamps="/"/>
      <tstamp>60D81CD5</tstamp>
    </comp>
    <comp ref="C2">
      <value>10n</value>
      <footprint>Capacitor_SMD:C_0603_1608Metric</footprint>
      <datasheet>~</datasheet>
      <fields>
        <field name="LCSC Part#">C57112</field>
      </fields>
      <libsource lib="Device" part="C_Small" description="Unpolarized capacitor, small symbol"/>
      <sheetpath names="/" tstamps="/"/>
      <tstamp>60C37318</tstamp>
    </comp>
    <comp ref="U1">
      <value>MP2359DJ-LF-Z</value>
      <footprint>Package_TO_SOT_SMD:SOT-23-6</footprint>
      <fields>
        <field name="LCSC Part#">C14259</field>
      </fields>
      <libsource lib="Mojed" part="MP2359DJ-LF-Z" description=""/>
      <sheetpath names="/" tstamps="/"/>
      <tstamp>60AF0173</tstamp>
    </comp>
    <comp ref="C6">
      <value>10n</value>
      <footprint>Capacitor_SMD:C_0603_1608Metric</footprint>
      <datasheet>~</datasheet>
      <fields>
        <field name="LCSC Part#">C57112</field>
      </fields>
      <libsource lib="Device" part="C_Small" description="Unpolarized capacitor, small symbol"/>
      <sheetpath names="/" tstamps="/"/>
      <tstamp>60D91F18</tstamp>
    </comp>
    <comp ref="C8">
      <value>10u</value>
      <footprint>Capacitor_SMD:C_1206_3216Metric</footprint>
      <datasheet>~</datasheet>
      <fields>
        <field name="LCSC Part#">C13585</field>
      </fields>
      <libsource lib="Device" part="C_Small" description="Unpolarized capacitor, small symbol"/>
      <sheetpath names="/" tstamps="/"/>
      <tstamp>60D9FEF3</tstamp>
    </comp>
    <comp ref="C7">
      <value>10u</value>
      <footprint>Capacitor_SMD:C_1206_3216Metric</footprint>
      <datasheet>~</datasheet>
      <fields>
        <field name="LCSC Part#">C13585</field>
      </fields>
      <libsource lib="Device" part="C_Small" description="Unpolarized capacitor, small symbol"/>
      <sheetpath names="/" tstamps="/"/>
      <tstamp>60D9FEF9</tstamp>
    </comp>
    <comp ref="L2">
      <value>10u</value>
      <footprint>Inductor_SMD:L_Sunlord_MWSA0518_5.4x5.2mm</footprint>
      <datasheet>~</datasheet>
      <fields>
        <field name="LCSC Part#">C150031</field>
      </fields>
      <libsource lib="Device" part="L_Small" description="Inductor, small symbol"/>
      <sheetpath names="/" tstamps="/"/>
      <tstamp>60D9FF00</tstamp>
    </comp>
    <comp ref="D3">
      <value>B5819W</value>
      <footprint>Diode_SMD:D_SOD-123</footprint>
      <datasheet>~</datasheet>
      <fields>
        <field name="LCSC Part#">C8598</field>
      </fields>
      <libsource lib="Device" part="D_Schottky_Small" description="Schottky diode, small symbol"/>
      <sheetpath names="/" tstamps="/"/>
      <tstamp>60D9FF0C</tstamp>
    </comp>
    <comp ref="R6">
      <value>47k</value>
      <footprint>Resistor_SMD:R_0603_1608Metric</footprint>
      <datasheet>~</datasheet>
      <fields>
        <field name="LCSC Part#">C25819</field>
      </fields>
      <libsource lib="Device" part="R_Small" description="Resistor, small symbol"/>
      <sheetpath names="/" tstamps="/"/>
      <tstamp>60DB7D2A</tstamp>
    </comp>
    <comp ref="R8">
      <value>10k</value>
      <footprint>Resistor_SMD:R_0603_1608Metric</footprint>
      <datasheet>~</datasheet>
      <fields>
        <field name="LCSC Part#">C25804</field>
      </fields>
      <libsource lib="Device" part="R_Small" description="Resistor, small symbol"/>
      <sheetpath names="/" tstamps="/"/>
      <tstamp>60DB7D30</tstamp>
    </comp>
    <comp ref="R7">
      <value>91k</value>
      <footprint>Resistor_SMD:R_0603_1608Metric</footprint>
      <datasheet>~</datasheet>
      <fields>
        <field name="LCSC Part#">C23265</field>
      </fields>
      <libsource lib="Device" part="R_Small" description="Resistor, small symbol"/>
      <sheetpath names="/" tstamps="/"/>
      <tstamp>60DBE917</tstamp>
    </comp>
    <comp ref="J1">
      <value>Screw_Terminal_01x02</value>
      <footprint>TerminalBlock_Phoenix:TerminalBlock_Phoenix_PT-1,5-2-3.5-H_1x02_P3.50mm_Horizontal</footprint>
      <datasheet>~</datasheet>
      <libsource lib="Connector" part="Screw_Terminal_01x02" description="Generic screw terminal, single row, 01x02, script generated (kicad-library-utils/schlib/autogen/connector/)"/>
      <sheetpath names="/" tstamps="/"/>
      <tstamp>60BF52ED</tstamp>
    </comp>
    <comp ref="J10">
      <value>mircoSD_adapte</value>
      <footprint>Connector_PinHeader_1.27mm:PinHeader_2x03_P1.27mm_Vertical_SMD</footprint>
      <datasheet>~</datasheet>
      <libsource lib="Connector_Generic" part="Conn_01x06" description="Generic connector, single row, 01x06, script generated (kicad-library-utils/schlib/autogen/connector/)"/>
      <sheetpath names="/" tstamps="/"/>
      <tstamp>60BF8DD1</tstamp>
    </comp>
    <comp ref="R18">
      <value>22</value>
      <footprint>Resistor_SMD:R_0402_1005Metric</footprint>
      <datasheet>~</datasheet>
      <fields>
        <field name="LCSC Part#">C25092</field>
      </fields>
      <libsource lib="Device" part="R_Small" description="Resistor, small symbol"/>
      <sheetpath names="/" tstamps="/"/>
      <tstamp>60C29D56</tstamp>
    </comp>
    <comp ref="R19">
      <value>22</value>
      <footprint>Resistor_SMD:R_0402_1005Metric</footprint>
      <datasheet>~</datasheet>
      <fields>
        <field name="LCSC Part#">C25092</field>
      </fields>
      <libsource lib="Device" part="R_Small" description="Resistor, small symbol"/>
      <sheetpath names="/" tstamps="/"/>
      <tstamp>60C2A3A1</tstamp>
    </comp>
    <comp ref="R20">
      <value>22</value>
      <footprint>Resistor_SMD:R_0402_1005Metric</footprint>
      <datasheet>~</datasheet>
      <fields>
        <field name="LCSC Part#">C25092</field>
      </fields>
      <libsource lib="Device" part="R_Small" description="Resistor, small symbol"/>
      <sheetpath names="/" tstamps="/"/>
      <tstamp>60C2A5FE</tstamp>
    </comp>
    <comp ref="R21">
      <value>22</value>
      <footprint>Resistor_SMD:R_0402_1005Metric</footprint>
      <datasheet>~</datasheet>
      <fields>
        <field name="LCSC Part#">C25092</field>
      </fields>
      <libsource lib="Device" part="R_Small" description="Resistor, small symbol"/>
      <sheetpath names="/" tstamps="/"/>
      <tstamp>60C2ABE1</tstamp>
    </comp>
    <comp ref="R16">
      <value>2k2</value>
      <footprint>Resistor_SMD:R_0603_1608Metric</footprint>
      <datasheet>~</datasheet>
      <fields>
        <field name="LCSC Part#">C4190</field>
      </fields>
      <libsource lib="Device" part="R_Small" description="Resistor, small symbol"/>
      <sheetpath names="/" tstamps="/"/>
      <tstamp>60C2E1AF</tstamp>
    </comp>
    <comp ref="R17">
      <value>2k2</value>
      <footprint>Resistor_SMD:R_0603_1608Metric</footprint>
      <datasheet>~</datasheet>
      <fields>
        <field name="LCSC Part#">C4190</field>
      </fields>
      <libsource lib="Device" part="R_Small" description="Resistor, small symbol"/>
      <sheetpath names="/" tstamps="/"/>
      <tstamp>60C2E462</tstamp>
    </comp>
    <comp ref="J15">
      <value>GY-88</value>
      <footprint>Connector_PinHeader_1.27mm:PinHeader_2x04_P1.27mm_Vertical</footprint>
      <datasheet>~</datasheet>
      <libsource lib="Connector_Generic" part="Conn_01x08" description="Generic connector, single row, 01x08, script generated (kicad-library-utils/schlib/autogen/connector/)"/>
      <sheetpath names="/" tstamps="/"/>
      <tstamp>60C3B4F7</tstamp>
    </comp>
    <comp ref="J16">
      <value>Screw_Terminal_01x02</value>
      <footprint>TerminalBlock_Phoenix:TerminalBlock_Phoenix_PT-1,5-2-3.5-H_1x02_P3.50mm_Horizontal</footprint>
      <datasheet>~</datasheet>
      <libsource lib="Connector" part="Screw_Terminal_01x02" description="Generic screw terminal, single row, 01x02, script generated (kicad-library-utils/schlib/autogen/connector/)"/>
      <sheetpath names="/" tstamps="/"/>
      <tstamp>60DFA599</tstamp>
    </comp>
    <comp ref="Q3">
      <value>2N3904</value>
      <footprint>Package_TO_SOT_THT:TO-92_Inline</footprint>
      <datasheet>https://www.onsemi.com/pub/Collateral/2N3903-D.PDF</datasheet>
      <fields>
        <field name="LCSC Part#">C118538</field>
      </fields>
      <libsource lib="Transistor_BJT" part="2N3904" description="0.2A Ic, 40V Vce, Small Signal NPN Transistor, TO-92"/>
      <sheetpath names="/" tstamps="/"/>
      <tstamp>60E59939</tstamp>
    </comp>
    <comp ref="Q4">
      <value>2N3904</value>
      <footprint>Package_TO_SOT_THT:TO-92_Inline</footprint>
      <datasheet>https://www.onsemi.com/pub/Collateral/2N3903-D.PDF</datasheet>
      <fields>
        <field name="LCSC Part#">C118538</field>
      </fields>
      <libsource lib="Transistor_BJT" part="2N3904" description="0.2A Ic, 40V Vce, Small Signal NPN Transistor, TO-92"/>
      <sheetpath names="/" tstamps="/"/>
      <tstamp>60E5A807</tstamp>
    </comp>
    <comp ref="R25">
      <value>4.7k</value>
      <footprint>Resistor_SMD:R_0402_1005Metric</footprint>
      <datasheet>~</datasheet>
      <fields>
        <field name="LCSC Part#">C25900</field>
      </fields>
      <libsource lib="Device" part="R_Small" description="Resistor, small symbol"/>
      <sheetpath names="/" tstamps="/"/>
      <tstamp>60E5C684</tstamp>
    </comp>
    <comp ref="R26">
      <value>1k</value>
      <footprint>Resistor_SMD:R_0402_1005Metric</footprint>
      <datasheet>~</datasheet>
      <fields>
        <field name="LCSC Part#">C11702</field>
      </fields>
      <libsource lib="Device" part="R_Small" description="Resistor, small symbol"/>
      <sheetpath names="/" tstamps="/"/>
      <tstamp>60E5CDFA</tstamp>
    </comp>
    <comp ref="R24">
      <value>4.7k</value>
      <footprint>Resistor_SMD:R_0402_1005Metric</footprint>
      <datasheet>~</datasheet>
      <fields>
        <field name="LCSC Part#">C25900</field>
      </fields>
      <libsource lib="Device" part="R_Small" description="Resistor, small symbol"/>
      <sheetpath names="/" tstamps="/"/>
      <tstamp>60E5D3C3</tstamp>
    </comp>
    <comp ref="Q5">
      <value>2N3904</value>
      <footprint>Package_TO_SOT_THT:TO-92_Inline</footprint>
      <datasheet>https://www.onsemi.com/pub/Collateral/2N3903-D.PDF</datasheet>
      <fields>
        <field name="LCSC Part#">C118538</field>
      </fields>
      <libsource lib="Transistor_BJT" part="2N3904" description="0.2A Ic, 40V Vce, Small Signal NPN Transistor, TO-92"/>
      <sheetpath names="/" tstamps="/"/>
      <tstamp>60F7EC35</tstamp>
    </comp>
    <comp ref="Q6">
      <value>2N3904</value>
      <footprint>Package_TO_SOT_THT:TO-92_Inline</footprint>
      <datasheet>https://www.onsemi.com/pub/Collateral/2N3903-D.PDF</datasheet>
      <fields>
        <field name="LCSC Part#">C118538</field>
      </fields>
      <libsource lib="Transistor_BJT" part="2N3904" description="0.2A Ic, 40V Vce, Small Signal NPN Transistor, TO-92"/>
      <sheetpath names="/" tstamps="/"/>
      <tstamp>60F7EC3B</tstamp>
    </comp>
    <comp ref="R28">
      <value>4.7k</value>
      <footprint>Resistor_SMD:R_0402_1005Metric</footprint>
      <datasheet>~</datasheet>
      <fields>
        <field name="LCSC Part#">C25900</field>
      </fields>
      <libsource lib="Device" part="R_Small" description="Resistor, small symbol"/>
      <sheetpath names="/" tstamps="/"/>
      <tstamp>60F7EC41</tstamp>
    </comp>
    <comp ref="R29">
      <value>1k</value>
      <footprint>Resistor_SMD:R_0402_1005Metric</footprint>
      <datasheet>~</datasheet>
      <fields>
        <field name="LCSC Part#">C11702</field>
      </fields>
      <libsource lib="Device" part="R_Small" description="Resistor, small symbol"/>
      <sheetpath names="/" tstamps="/"/>
      <tstamp>60F7EC47</tstamp>
    </comp>
    <comp ref="R27">
      <value>4.7k</value>
      <footprint>Resistor_SMD:R_0402_1005Metric</footprint>
      <datasheet>~</datasheet>
      <fields>
        <field name="LCSC Part#">C25900</field>
      </fields>
      <libsource lib="Device" part="R_Small" description="Resistor, small symbol"/>
      <sheetpath names="/" tstamps="/"/>
      <tstamp>60F7EC4D</tstamp>
    </comp>
    <comp ref="Q7">
      <value>2N3904</value>
      <footprint>Package_TO_SOT_THT:TO-92_Inline</footprint>
      <datasheet>https://www.onsemi.com/pub/Collateral/2N3903-D.PDF</datasheet>
      <fields>
        <field name="LCSC Part#">C118538</field>
      </fields>
      <libsource lib="Transistor_BJT" part="2N3904" description="0.2A Ic, 40V Vce, Small Signal NPN Transistor, TO-92"/>
      <sheetpath names="/" tstamps="/"/>
      <tstamp>60F88361</tstamp>
    </comp>
    <comp ref="Q8">
      <value>2N3904</value>
      <footprint>Package_TO_SOT_THT:TO-92_Inline</footprint>
      <datasheet>https://www.onsemi.com/pub/Collateral/2N3903-D.PDF</datasheet>
      <fields>
        <field name="LCSC Part#">C118538</field>
      </fields>
      <libsource lib="Transistor_BJT" part="2N3904" description="0.2A Ic, 40V Vce, Small Signal NPN Transistor, TO-92"/>
      <sheetpath names="/" tstamps="/"/>
      <tstamp>60F88367</tstamp>
    </comp>
    <comp ref="Q11">
      <value>2N3904</value>
      <footprint>Package_TO_SOT_THT:TO-92_Inline</footprint>
      <datasheet>https://www.onsemi.com/pub/Collateral/2N3903-D.PDF</datasheet>
      <fields>
        <field name="LCSC Part#">C118538</field>
      </fields>
      <libsource lib="Transistor_BJT" part="2N3904" description="0.2A Ic, 40V Vce, Small Signal NPN Transistor, TO-92"/>
      <sheetpath names="/" tstamps="/"/>
      <tstamp>60F91E3D</tstamp>
    </comp>
    <comp ref="Q12">
      <value>2N3904</value>
      <footprint>Package_TO_SOT_THT:TO-92_Inline</footprint>
      <datasheet>https://www.onsemi.com/pub/Collateral/2N3903-D.PDF</datasheet>
      <fields>
        <field name="LCSC Part#">C118538</field>
      </fields>
      <libsource lib="Transistor_BJT" part="2N3904" description="0.2A Ic, 40V Vce, Small Signal NPN Transistor, TO-92"/>
      <sheetpath names="/" tstamps="/"/>
      <tstamp>60F91E43</tstamp>
    </comp>
    <comp ref="R37">
      <value>4.7k</value>
      <footprint>Resistor_SMD:R_0402_1005Metric</footprint>
      <datasheet>~</datasheet>
      <fields>
        <field name="LCSC Part#">C25900</field>
      </fields>
      <libsource lib="Device" part="R_Small" description="Resistor, small symbol"/>
      <sheetpath names="/" tstamps="/"/>
      <tstamp>60F91E49</tstamp>
    </comp>
    <comp ref="R38">
      <value>1k</value>
      <footprint>Resistor_SMD:R_0402_1005Metric</footprint>
      <datasheet>~</datasheet>
      <fields>
        <field name="LCSC Part#">C11702</field>
      </fields>
      <libsource lib="Device" part="R_Small" description="Resistor, small symbol"/>
      <sheetpath names="/" tstamps="/"/>
      <tstamp>60F91E4F</tstamp>
    </comp>
    <comp ref="R36">
      <value>4.7k</value>
      <footprint>Resistor_SMD:R_0402_1005Metric</footprint>
      <datasheet>~</datasheet>
      <fields>
        <field name="LCSC Part#">C25900</field>
      </fields>
      <libsource lib="Device" part="R_Small" description="Resistor, small symbol"/>
      <sheetpath names="/" tstamps="/"/>
      <tstamp>60F91E55</tstamp>
    </comp>
    <comp ref="Q15">
      <value>2N3904</value>
      <footprint>Package_TO_SOT_THT:TO-92_Inline</footprint>
      <datasheet>https://www.onsemi.com/pub/Collateral/2N3903-D.PDF</datasheet>
      <fields>
        <field name="LCSC Part#">C118538</field>
      </fields>
      <libsource lib="Transistor_BJT" part="2N3904" description="0.2A Ic, 40V Vce, Small Signal NPN Transistor, TO-92"/>
      <sheetpath names="/" tstamps="/"/>
      <tstamp>60F9B383</tstamp>
    </comp>
    <comp ref="Q16">
      <value>2N3904</value>
      <footprint>Package_TO_SOT_THT:TO-92_Inline</footprint>
      <datasheet>https://www.onsemi.com/pub/Collateral/2N3903-D.PDF</datasheet>
      <fields>
        <field name="LCSC Part#">C118538</field>
      </fields>
      <libsource lib="Transistor_BJT" part="2N3904" description="0.2A Ic, 40V Vce, Small Signal NPN Transistor, TO-92"/>
      <sheetpath names="/" tstamps="/"/>
      <tstamp>60F9B389</tstamp>
    </comp>
    <comp ref="R43">
      <value>4.7k</value>
      <footprint>Resistor_SMD:R_0402_1005Metric</footprint>
      <datasheet>~</datasheet>
      <fields>
        <field name="LCSC Part#">C25900</field>
      </fields>
      <libsource lib="Device" part="R_Small" description="Resistor, small symbol"/>
      <sheetpath names="/" tstamps="/"/>
      <tstamp>60F9B38F</tstamp>
    </comp>
    <comp ref="R44">
      <value>1k</value>
      <footprint>Resistor_SMD:R_0402_1005Metric</footprint>
      <datasheet>~</datasheet>
      <fields>
        <field name="LCSC Part#">C11702</field>
      </fields>
      <libsource lib="Device" part="R_Small" description="Resistor, small symbol"/>
      <sheetpath names="/" tstamps="/"/>
      <tstamp>60F9B395</tstamp>
    </comp>
    <comp ref="R42">
      <value>4.7k</value>
      <footprint>Resistor_SMD:R_0402_1005Metric</footprint>
      <datasheet>~</datasheet>
      <fields>
        <field name="LCSC Part#">C25900</field>
      </fields>
      <libsource lib="Device" part="R_Small" description="Resistor, small symbol"/>
      <sheetpath names="/" tstamps="/"/>
      <tstamp>60F9B39B</tstamp>
    </comp>
    <comp ref="Q9">
      <value>2N3904</value>
      <footprint>Package_TO_SOT_THT:TO-92_Inline</footprint>
      <datasheet>https://www.onsemi.com/pub/Collateral/2N3903-D.PDF</datasheet>
      <fields>
        <field name="LCSC Part#">C118538</field>
      </fields>
      <libsource lib="Transistor_BJT" part="2N3904" description="0.2A Ic, 40V Vce, Small Signal NPN Transistor, TO-92"/>
      <sheetpath names="/" tstamps="/"/>
      <tstamp>60FA6C13</tstamp>
    </comp>
    <comp ref="Q10">
      <value>2N3904</value>
      <footprint>Package_TO_SOT_THT:TO-92_Inline</footprint>
      <datasheet>https://www.onsemi.com/pub/Collateral/2N3903-D.PDF</datasheet>
      <fields>
        <field name="LCSC Part#">C118538</field>
      </fields>
      <libsource lib="Transistor_BJT" part="2N3904" description="0.2A Ic, 40V Vce, Small Signal NPN Transistor, TO-92"/>
      <sheetpath names="/" tstamps="/"/>
      <tstamp>60FA6C19</tstamp>
    </comp>
    <comp ref="R34">
      <value>4.7k</value>
      <footprint>Resistor_SMD:R_0402_1005Metric</footprint>
      <datasheet>~</datasheet>
      <fields>
        <field name="LCSC Part#">C25900</field>
      </fields>
      <libsource lib="Device" part="R_Small" description="Resistor, small symbol"/>
      <sheetpath names="/" tstamps="/"/>
      <tstamp>60FA6C1F</tstamp>
    </comp>
    <comp ref="R35">
      <value>1k</value>
      <footprint>Resistor_SMD:R_0402_1005Metric</footprint>
      <datasheet>~</datasheet>
      <fields>
        <field name="LCSC Part#">C11702</field>
      </fields>
      <libsource lib="Device" part="R_Small" description="Resistor, small symbol"/>
      <sheetpath names="/" tstamps="/"/>
      <tstamp>60FA6C25</tstamp>
    </comp>
    <comp ref="R33">
      <value>4.7k</value>
      <footprint>Resistor_SMD:R_0402_1005Metric</footprint>
      <datasheet>~</datasheet>
      <fields>
        <field name="LCSC Part#">C25900</field>
      </fields>
      <libsource lib="Device" part="R_Small" description="Resistor, small symbol"/>
      <sheetpath names="/" tstamps="/"/>
      <tstamp>60FA6C2B</tstamp>
    </comp>
    <comp ref="Q13">
      <value>2N3904</value>
      <footprint>Package_TO_SOT_THT:TO-92_Inline</footprint>
      <datasheet>https://www.onsemi.com/pub/Collateral/2N3903-D.PDF</datasheet>
      <fields>
        <field name="LCSC Part#">C118538</field>
      </fields>
      <libsource lib="Transistor_BJT" part="2N3904" description="0.2A Ic, 40V Vce, Small Signal NPN Transistor, TO-92"/>
      <sheetpath names="/" tstamps="/"/>
      <tstamp>60FB0165</tstamp>
    </comp>
    <comp ref="Q14">
      <value>2N3904</value>
      <footprint>Package_TO_SOT_THT:TO-92_Inline</footprint>
      <datasheet>https://www.onsemi.com/pub/Collateral/2N3903-D.PDF</datasheet>
      <fields>
        <field name="LCSC Part#">C118538</field>
      </fields>
      <libsource lib="Transistor_BJT" part="2N3904" description="0.2A Ic, 40V Vce, Small Signal NPN Transistor, TO-92"/>
      <sheetpath names="/" tstamps="/"/>
      <tstamp>60FB016B</tstamp>
    </comp>
    <comp ref="R40">
      <value>4.7k</value>
      <footprint>Resistor_SMD:R_0402_1005Metric</footprint>
      <datasheet>~</datasheet>
      <fields>
        <field name="LCSC Part#">C25900</field>
      </fields>
      <libsource lib="Device" part="R_Small" description="Resistor, small symbol"/>
      <sheetpath names="/" tstamps="/"/>
      <tstamp>60FB0171</tstamp>
    </comp>
    <comp ref="R41">
      <value>1k</value>
      <footprint>Resistor_SMD:R_0402_1005Metric</footprint>
      <datasheet>~</datasheet>
      <fields>
        <field name="LCSC Part#">C11702</field>
      </fields>
      <libsource lib="Device" part="R_Small" description="Resistor, small symbol"/>
      <sheetpath names="/" tstamps="/"/>
      <tstamp>60FB0177</tstamp>
    </comp>
    <comp ref="R39">
      <value>4.7k</value>
      <footprint>Resistor_SMD:R_0402_1005Metric</footprint>
      <datasheet>~</datasheet>
      <fields>
        <field name="LCSC Part#">C25900</field>
      </fields>
      <libsource lib="Device" part="R_Small" description="Resistor, small symbol"/>
      <sheetpath names="/" tstamps="/"/>
      <tstamp>60FB017D</tstamp>
    </comp>
    <comp ref="Q17">
      <value>2N3904</value>
      <footprint>Package_TO_SOT_THT:TO-92_Inline</footprint>
      <datasheet>https://www.onsemi.com/pub/Collateral/2N3903-D.PDF</datasheet>
      <fields>
        <field name="LCSC Part#">C118538</field>
      </fields>
      <libsource lib="Transistor_BJT" part="2N3904" description="0.2A Ic, 40V Vce, Small Signal NPN Transistor, TO-92"/>
      <sheetpath names="/" tstamps="/"/>
      <tstamp>60FB9C51</tstamp>
    </comp>
    <comp ref="Q18">
      <value>2N3904</value>
      <footprint>Package_TO_SOT_THT:TO-92_Inline</footprint>
      <datasheet>https://www.onsemi.com/pub/Collateral/2N3903-D.PDF</datasheet>
      <fields>
        <field name="LCSC Part#">C118538</field>
      </fields>
      <libsource lib="Transistor_BJT" part="2N3904" description="0.2A Ic, 40V Vce, Small Signal NPN Transistor, TO-92"/>
      <sheetpath names="/" tstamps="/"/>
      <tstamp>60FB9C57</tstamp>
    </comp>
    <comp ref="R46">
      <value>4.7k</value>
      <footprint>Resistor_SMD:R_0402_1005Metric</footprint>
      <datasheet>~</datasheet>
      <fields>
        <field name="LCSC Part#">C25900</field>
      </fields>
      <libsource lib="Device" part="R_Small" description="Resistor, small symbol"/>
      <sheetpath names="/" tstamps="/"/>
      <tstamp>60FB9C5D</tstamp>
    </comp>
    <comp ref="R47">
      <value>1k</value>
      <footprint>Resistor_SMD:R_0402_1005Metric</footprint>
      <datasheet>~</datasheet>
      <fields>
        <field name="LCSC Part#">C11702</field>
      </fields>
      <libsource lib="Device" part="R_Small" description="Resistor, small symbol"/>
      <sheetpath names="/" tstamps="/"/>
      <tstamp>60FB9C63</tstamp>
    </comp>
    <comp ref="R45">
      <value>4.7k</value>
      <footprint>Resistor_SMD:R_0402_1005Metric</footprint>
      <datasheet>~</datasheet>
      <fields>
        <field name="LCSC Part#">C25900</field>
      </fields>
      <libsource lib="Device" part="R_Small" description="Resistor, small symbol"/>
      <sheetpath names="/" tstamps="/"/>
      <tstamp>60FB9C69</tstamp>
    </comp>
    <comp ref="R32">
      <value>1k</value>
      <footprint>Resistor_SMD:R_0402_1005Metric</footprint>
      <datasheet>~</datasheet>
      <fields>
        <field name="LCSC Part#">C11702</field>
      </fields>
      <libsource lib="Device" part="R_Small" description="Resistor, small symbol"/>
      <sheetpath names="/" tstamps="/"/>
      <tstamp>60F88373</tstamp>
    </comp>
    <comp ref="R31">
      <value>4.7k</value>
      <footprint>Resistor_SMD:R_0402_1005Metric</footprint>
      <datasheet>~</datasheet>
      <fields>
        <field name="LCSC Part#">C25900</field>
      </fields>
      <libsource lib="Device" part="R_Small" description="Resistor, small symbol"/>
      <sheetpath names="/" tstamps="/"/>
      <tstamp>60F8836D</tstamp>
    </comp>
    <comp ref="R30">
      <value>4.7k</value>
      <footprint>Resistor_SMD:R_0402_1005Metric</footprint>
      <datasheet>~</datasheet>
      <fields>
        <field name="LCSC Part#">C25900</field>
      </fields>
      <libsource lib="Device" part="R_Small" description="Resistor, small symbol"/>
      <sheetpath names="/" tstamps="/"/>
      <tstamp>60F88379</tstamp>
    </comp>
    <comp ref="H1">
      <value>MountingHole_Pad</value>
      <footprint>MountingHole:MountingHole_4.5mm_Pad_Via</footprint>
      <datasheet>~</datasheet>
      <libsource lib="Mechanical" part="MountingHole_Pad" description="Mounting Hole with connection"/>
      <sheetpath names="/" tstamps="/"/>
      <tstamp>60DC1B8F</tstamp>
    </comp>
    <comp ref="H2">
      <value>MountingHole_Pad</value>
      <footprint>MountingHole:MountingHole_4.5mm_Pad_Via</footprint>
      <datasheet>~</datasheet>
      <libsource lib="Mechanical" part="MountingHole_Pad" description="Mounting Hole with connection"/>
      <sheetpath names="/" tstamps="/"/>
      <tstamp>60DC4192</tstamp>
    </comp>
    <comp ref="H3">
      <value>MountingHole_Pad</value>
      <footprint>MountingHole:MountingHole_4.5mm_Pad_Via</footprint>
      <datasheet>~</datasheet>
      <libsource lib="Mechanical" part="MountingHole_Pad" description="Mounting Hole with connection"/>
      <sheetpath names="/" tstamps="/"/>
      <tstamp>60DC55BA</tstamp>
    </comp>
    <comp ref="H4">
      <value>MountingHole_Pad</value>
      <footprint>MountingHole:MountingHole_4.5mm_Pad_Via</footprint>
      <datasheet>~</datasheet>
      <libsource lib="Mechanical" part="MountingHole_Pad" description="Mounting Hole with connection"/>
      <sheetpath names="/" tstamps="/"/>
      <tstamp>60DC5B48</tstamp>
    </comp>
    <comp ref="J17">
      <value>I2C3</value>
      <footprint>Connector_Molex:Molex_PicoBlade_53047-0410_1x04_P1.25mm_Vertical</footprint>
      <datasheet>~</datasheet>
      <libsource lib="Connector_Generic" part="Conn_01x04" description="Generic connector, single row, 01x04, script generated (kicad-library-utils/schlib/autogen/connector/)"/>
      <sheetpath names="/" tstamps="/"/>
      <tstamp>60F3D38C</tstamp>
    </comp>
    <comp ref="R48">
      <value>22</value>
      <footprint>Resistor_SMD:R_0402_1005Metric</footprint>
      <datasheet>~</datasheet>
      <fields>
        <field name="LCSC Part#">C25092</field>
      </fields>
      <libsource lib="Device" part="R_Small" description="Resistor, small symbol"/>
      <sheetpath names="/" tstamps="/"/>
      <tstamp>60F3D3A0</tstamp>
    </comp>
    <comp ref="R49">
      <value>22</value>
      <footprint>Resistor_SMD:R_0402_1005Metric</footprint>
      <datasheet>~</datasheet>
      <fields>
        <field name="LCSC Part#">C25092</field>
      </fields>
      <libsource lib="Device" part="R_Small" description="Resistor, small symbol"/>
      <sheetpath names="/" tstamps="/"/>
      <tstamp>60F3D3A6</tstamp>
    </comp>
    <comp ref="F1">
      <value>250 mA</value>
      <footprint>Fuse:Fuse_1206_3216Metric</footprint>
      <datasheet>~</datasheet>
      <fields>
        <field name="LCSC Part#">C369154</field>
      </fields>
      <libsource lib="Device" part="Polyfuse" description="Resettable fuse, polymeric positive temperature coefficient"/>
      <sheetpath names="/" tstamps="/"/>
      <tstamp>60BDAE33</tstamp>
    </comp>
    <comp ref="C17">
      <value>4u7</value>
      <footprint>Capacitor_SMD:C_0603_1608Metric</footprint>
      <datasheet>~</datasheet>
      <fields>
        <field name="LCSC Part#">C19666</field>
      </fields>
      <libsource lib="Device" part="C_Small" description="Unpolarized capacitor, small symbol"/>
      <sheetpath names="/" tstamps="/"/>
      <tstamp>614C3612</tstamp>
    </comp>
    <comp ref="U4">
      <value>STM32F730R8T6</value>
      <footprint>Package_QFP:LQFP-64_10x10mm_P0.5mm</footprint>
      <fields>
        <field name="LCSC Part#">C478453</field>
        <field name="MANUFACTURER">STMicroelectronics</field>
        <field name="MAXIMUM_PACKAGE_HEIGHT">1.6mm</field>
        <field name="PARTREV">1</field>
        <field name="SNAPEDA_PACKAGE_ID">5084</field>
        <field name="STANDARD">IPC 7351B</field>
      </fields>
      <libsource lib="STM32F730R8T6" part="STM32F730R8T6" description=""/>
      <sheetpath names="/" tstamps="/"/>
      <tstamp>6114B544</tstamp>
    </comp>
  </components>
  <libparts>
    <libpart lib="Connector" part="Screw_Terminal_01x02">
      <description>Generic screw terminal, single row, 01x02, script generated (kicad-library-utils/schlib/autogen/connector/)</description>
      <docs>~</docs>
      <footprints>
        <fp>TerminalBlock*:*</fp>
      </footprints>
      <fields>
        <field name="Reference">J</field>
        <field name="Value">Screw_Terminal_01x02</field>
      </fields>
      <pins>
        <pin num="1" name="Pin_1" type="passive"/>
        <pin num="2" name="Pin_2" type="passive"/>
      </pins>
    </libpart>
    <libpart lib="Connector" part="USB_B_Micro">
      <aliases>
        <alias>USB_B_Mini</alias>
      </aliases>
      <description>USB Micro Type B connector</description>
      <docs>~</docs>
      <footprints>
        <fp>USB*</fp>
      </footprints>
      <fields>
        <field name="Reference">J</field>
        <field name="Value">USB_B_Micro</field>
      </fields>
      <pins>
        <pin num="1" name="VBUS" type="power_out"/>
        <pin num="2" name="D-" type="BiDi"/>
        <pin num="3" name="D+" type="BiDi"/>
        <pin num="4" name="ID" type="passive"/>
        <pin num="5" name="GND" type="power_out"/>
        <pin num="6" name="Shield" type="passive"/>
      </pins>
    </libpart>
    <libpart lib="Connector_Generic" part="Conn_01x03">
      <description>Generic connector, single row, 01x03, script generated (kicad-library-utils/schlib/autogen/connector/)</description>
      <docs>~</docs>
      <footprints>
        <fp>Connector*:*_1x??_*</fp>
      </footprints>
      <fields>
        <field name="Reference">J</field>
        <field name="Value">Conn_01x03</field>
      </fields>
      <pins>
        <pin num="1" name="Pin_1" type="passive"/>
        <pin num="2" name="Pin_2" type="passive"/>
        <pin num="3" name="Pin_3" type="passive"/>
      </pins>
    </libpart>
    <libpart lib="Connector_Generic" part="Conn_01x04">
      <description>Generic connector, single row, 01x04, script generated (kicad-library-utils/schlib/autogen/connector/)</description>
      <docs>~</docs>
      <footprints>
        <fp>Connector*:*_1x??_*</fp>
      </footprints>
      <fields>
        <field name="Reference">J</field>
        <field name="Value">Conn_01x04</field>
      </fields>
      <pins>
        <pin num="1" name="Pin_1" type="passive"/>
        <pin num="2" name="Pin_2" type="passive"/>
        <pin num="3" name="Pin_3" type="passive"/>
        <pin num="4" name="Pin_4" type="passive"/>
      </pins>
    </libpart>
    <libpart lib="Connector_Generic" part="Conn_01x06">
      <description>Generic connector, single row, 01x06, script generated (kicad-library-utils/schlib/autogen/connector/)</description>
      <docs>~</docs>
      <footprints>
        <fp>Connector*:*_1x??_*</fp>
      </footprints>
      <fields>
        <field name="Reference">J</field>
        <field name="Value">Conn_01x06</field>
      </fields>
      <pins>
        <pin num="1" name="Pin_1" type="passive"/>
        <pin num="2" name="Pin_2" type="passive"/>
        <pin num="3" name="Pin_3" type="passive"/>
        <pin num="4" name="Pin_4" type="passive"/>
        <pin num="5" name="Pin_5" type="passive"/>
        <pin num="6" name="Pin_6" type="passive"/>
      </pins>
    </libpart>
    <libpart lib="Connector_Generic" part="Conn_01x08">
      <description>Generic connector, single row, 01x08, script generated (kicad-library-utils/schlib/autogen/connector/)</description>
      <docs>~</docs>
      <footprints>
        <fp>Connector*:*_1x??_*</fp>
      </footprints>
      <fields>
        <field name="Reference">J</field>
        <field name="Value">Conn_01x08</field>
      </fields>
      <pins>
        <pin num="1" name="Pin_1" type="passive"/>
        <pin num="2" name="Pin_2" type="passive"/>
        <pin num="3" name="Pin_3" type="passive"/>
        <pin num="4" name="Pin_4" type="passive"/>
        <pin num="5" name="Pin_5" type="passive"/>
        <pin num="6" name="Pin_6" type="passive"/>
        <pin num="7" name="Pin_7" type="passive"/>
        <pin num="8" name="Pin_8" type="passive"/>
      </pins>
    </libpart>
    <libpart lib="Connector_Generic" part="Conn_02x05_Odd_Even">
      <description>Generic connector, double row, 02x05, odd/even pin numbering scheme (row 1 odd numbers, row 2 even numbers), script generated (kicad-library-utils/schlib/autogen/connector/)</description>
      <docs>~</docs>
      <footprints>
        <fp>Connector*:*_2x??_*</fp>
      </footprints>
      <fields>
        <field name="Reference">J</field>
        <field name="Value">Conn_02x05_Odd_Even</field>
      </fields>
      <pins>
        <pin num="1" name="Pin_1" type="passive"/>
        <pin num="2" name="Pin_2" type="passive"/>
        <pin num="3" name="Pin_3" type="passive"/>
        <pin num="4" name="Pin_4" type="passive"/>
        <pin num="5" name="Pin_5" type="passive"/>
        <pin num="6" name="Pin_6" type="passive"/>
        <pin num="7" name="Pin_7" type="passive"/>
        <pin num="8" name="Pin_8" type="passive"/>
        <pin num="9" name="Pin_9" type="passive"/>
        <pin num="10" name="Pin_10" type="passive"/>
      </pins>
    </libpart>
    <libpart lib="Device" part="C_Small">
      <description>Unpolarized capacitor, small symbol</description>
      <docs>~</docs>
      <footprints>
        <fp>C_*</fp>
      </footprints>
      <fields>
        <field name="Reference">C</field>
        <field name="Value">C_Small</field>
      </fields>
      <pins>
        <pin num="1" name="~" type="passive"/>
        <pin num="2" name="~" type="passive"/>
      </pins>
    </libpart>
    <libpart lib="Device" part="Crystal_GND24_Small">
      <description>Four pin crystal, GND on pins 2 and 4, small symbol</description>
      <docs>~</docs>
      <footprints>
        <fp>Crystal*</fp>
      </footprints>
      <fields>
        <field name="Reference">Y</field>
        <field name="Value">Crystal_GND24_Small</field>
      </fields>
      <pins>
        <pin num="1" name="1" type="passive"/>
        <pin num="2" name="2" type="passive"/>
        <pin num="3" name="3" type="passive"/>
        <pin num="4" name="4" type="passive"/>
      </pins>
    </libpart>
    <libpart lib="Device" part="D_Schottky_Small">
      <description>Schottky diode, small symbol</description>
      <docs>~</docs>
      <footprints>
        <fp>TO-???*</fp>
        <fp>*_Diode_*</fp>
        <fp>*SingleDiode*</fp>
        <fp>D_*</fp>
      </footprints>
      <fields>
        <field name="Reference">D</field>
        <field name="Value">D_Schottky_Small</field>
      </fields>
      <pins>
        <pin num="1" name="K" type="passive"/>
        <pin num="2" name="A" type="passive"/>
      </pins>
    </libpart>
    <libpart lib="Device" part="Ferrite_Bead">
      <description>Ferrite bead</description>
      <docs>~</docs>
      <footprints>
        <fp>Inductor_*</fp>
        <fp>L_*</fp>
        <fp>*Ferrite*</fp>
      </footprints>
      <fields>
        <field name="Reference">FB</field>
        <field name="Value">Ferrite_Bead</field>
      </fields>
      <pins>
        <pin num="1" name="~" type="passive"/>
        <pin num="2" name="~" type="passive"/>
      </pins>
    </libpart>
    <libpart lib="Device" part="LED_Small">
      <description>Light emitting diode, small symbol</description>
      <docs>~</docs>
      <footprints>
        <fp>LED*</fp>
        <fp>LED_SMD:*</fp>
        <fp>LED_THT:*</fp>
      </footprints>
      <fields>
        <field name="Reference">D</field>
        <field name="Value">LED_Small</field>
      </fields>
      <pins>
        <pin num="1" name="K" type="passive"/>
        <pin num="2" name="A" type="passive"/>
      </pins>
    </libpart>
    <libpart lib="Device" part="L_Small">
      <description>Inductor, small symbol</description>
      <docs>~</docs>
      <footprints>
        <fp>Choke_*</fp>
        <fp>*Coil*</fp>
        <fp>Inductor_*</fp>
        <fp>L_*</fp>
      </footprints>
      <fields>
        <field name="Reference">L</field>
        <field name="Value">L_Small</field>
      </fields>
      <pins>
        <pin num="1" name="~" type="passive"/>
        <pin num="2" name="~" type="passive"/>
      </pins>
    </libpart>
    <libpart lib="Device" part="Polyfuse">
      <description>Resettable fuse, polymeric positive temperature coefficient</description>
      <docs>~</docs>
      <footprints>
        <fp>*polyfuse*</fp>
        <fp>*PTC*</fp>
      </footprints>
      <fields>
        <field name="Reference">F</field>
        <field name="Value">Polyfuse</field>
      </fields>
      <pins>
        <pin num="1" name="~" type="passive"/>
        <pin num="2" name="~" type="passive"/>
      </pins>
    </libpart>
    <libpart lib="Device" part="R_Small">
      <description>Resistor, small symbol</description>
      <docs>~</docs>
      <footprints>
        <fp>R_*</fp>
      </footprints>
      <fields>
        <field name="Reference">R</field>
        <field name="Value">R_Small</field>
      </fields>
      <pins>
        <pin num="1" name="~" type="passive"/>
        <pin num="2" name="~" type="passive"/>
      </pins>
    </libpart>
    <libpart lib="Mechanical" part="MountingHole_Pad">
      <description>Mounting Hole with connection</description>
      <docs>~</docs>
      <footprints>
        <fp>MountingHole*Pad*</fp>
      </footprints>
      <fields>
        <field name="Reference">H</field>
        <field name="Value">MountingHole_Pad</field>
      </fields>
      <pins>
        <pin num="1" name="1" type="input"/>
      </pins>
    </libpart>
    <libpart lib="Mojed" part="MP2359DJ-LF-Z">
      <fields>
        <field name="Reference">U</field>
        <field name="Value">MP2359DJ-LF-Z</field>
      </fields>
      <pins>
        <pin num="1" name="BST" type="input"/>
        <pin num="2" name="GND" type="input"/>
        <pin num="3" name="FB" type="input"/>
        <pin num="4" name="EN" type="input"/>
        <pin num="5" name="IN" type="input"/>
        <pin num="6" name="SW" type="input"/>
      </pins>
    </libpart>
    <libpart lib="Power_Protection" part="USBLC6-2SC6">
      <description>Very low capacitance ESD protection diode, 2 data-line, SOT-23-6</description>
      <docs>https://www.st.com/resource/en/datasheet/usblc6-2.pdf</docs>
      <footprints>
        <fp>SOT?23*</fp>
      </footprints>
      <fields>
        <field name="Reference">U</field>
        <field name="Value">USBLC6-2SC6</field>
        <field name="Footprint">Package_TO_SOT_SMD:SOT-23-6</field>
      </fields>
      <pins>
        <pin num="1" name="I/O1" type="passive"/>
        <pin num="2" name="GND" type="passive"/>
        <pin num="3" name="I/O2" type="passive"/>
        <pin num="4" name="I/O2" type="passive"/>
        <pin num="5" name="VBUS" type="passive"/>
        <pin num="6" name="I/O1" type="passive"/>
      </pins>
    </libpart>
    <libpart lib="STM32F730R8T6" part="STM32F730R8T6">
      <fields>
        <field name="Reference">U</field>
        <field name="Value">STM32F730R8T6</field>
        <field name="Footprint">QFP50P1200X1200X160-64N</field>
        <field name="STANDARD">IPC 7351B</field>
        <field name="MAXIMUM_PACKAGE_HEIGHT">1.6mm</field>
        <field name="MANUFACTURER">STMicroelectronics</field>
        <field name="SNAPEDA_PACKAGE_ID">5084</field>
        <field name="PARTREV">1</field>
      </fields>
      <pins>
        <pin num="1" name="VBAT" type="power_in"/>
        <pin num="2" name="PC13" type="BiDi"/>
        <pin num="3" name="PC14-OSC32_IN" type="BiDi"/>
        <pin num="4" name="PC15-OSC32_OUT" type="BiDi"/>
        <pin num="5" name="PH0-OSC_IN" type="BiDi"/>
        <pin num="6" name="PH1-OSC_OUT" type="BiDi"/>
        <pin num="7" name="NRST" type="BiDi"/>
        <pin num="8" name="PC0" type="BiDi"/>
        <pin num="9" name="PC1" type="BiDi"/>
        <pin num="10" name="PC2" type="BiDi"/>
        <pin num="11" name="PC3" type="BiDi"/>
        <pin num="12" name="VSSA" type="power_in"/>
        <pin num="13" name="VREF+" type="power_in"/>
        <pin num="14" name="PA0-WKUP" type="BiDi"/>
        <pin num="15" name="PA1" type="BiDi"/>
        <pin num="16" name="PA2" type="BiDi"/>
        <pin num="17" name="PA3" type="BiDi"/>
        <pin num="18" name="VSS" type="power_in"/>
        <pin num="19" name="VDD" type="power_in"/>
        <pin num="20" name="PA4" type="BiDi"/>
        <pin num="21" name="PA5" type="BiDi"/>
        <pin num="22" name="PA6" type="BiDi"/>
        <pin num="23" name="PA7" type="BiDi"/>
        <pin num="24" name="PC4" type="BiDi"/>
        <pin num="25" name="PB0" type="BiDi"/>
        <pin num="26" name="PB1" type="BiDi"/>
        <pin num="27" name="PB2" type="BiDi"/>
        <pin num="28" name="PB10" type="BiDi"/>
        <pin num="29" name="PB11" type="BiDi"/>
        <pin num="30" name="VCAP_1" type="power_in"/>
        <pin num="31" name="VSS" type="power_in"/>
        <pin num="32" name="VDD" type="power_in"/>
        <pin num="33" name="PB12" type="BiDi"/>
        <pin num="34" name="PB13" type="BiDi"/>
        <pin num="35" name="PB14" type="BiDi"/>
        <pin num="36" name="PB15" type="BiDi"/>
        <pin num="37" name="PC6" type="BiDi"/>
        <pin num="38" name="PC7" type="BiDi"/>
        <pin num="39" name="PC8" type="BiDi"/>
        <pin num="40" name="PC9" type="BiDi"/>
        <pin num="41" name="PA8" type="BiDi"/>
        <pin num="42" name="PA9" type="BiDi"/>
        <pin num="43" name="PA10" type="BiDi"/>
        <pin num="44" name="PA11" type="BiDi"/>
        <pin num="45" name="PA12" type="BiDi"/>
        <pin num="46" name="PA13(JTMS-SWDIO)" type="BiDi"/>
        <pin num="47" name="VSS" type="power_in"/>
        <pin num="48" name="VDD" type="power_in"/>
        <pin num="49" name="PA14(JTCK-SWCLK)" type="BiDi"/>
        <pin num="50" name="PA15(JTDI)" type="BiDi"/>
        <pin num="51" name="PC10" type="BiDi"/>
        <pin num="52" name="PC11" type="BiDi"/>
        <pin num="53" name="PC12" type="BiDi"/>
        <pin num="54" name="PD2" type="BiDi"/>
        <pin num="55" name="PB3(JTDO/TRACESWO)" type="BiDi"/>
        <pin num="56" name="PB4(NJTRST)" type="BiDi"/>
        <pin num="57" name="PB5" type="BiDi"/>
        <pin num="58" name="PB6" type="BiDi"/>
        <pin num="59" name="PB7" type="BiDi"/>
        <pin num="60" name="BOOT" type="input"/>
        <pin num="61" name="PB8" type="BiDi"/>
        <pin num="62" name="PB9" type="BiDi"/>
        <pin num="63" name="VSS" type="power_in"/>
        <pin num="64" name="VDD" type="power_in"/>
      </pins>
    </libpart>
    <libpart lib="Switch" part="SW_SPDT">
      <description>Switch, single pole double throw</description>
      <docs>~</docs>
      <fields>
        <field name="Reference">SW</field>
        <field name="Value">SW_SPDT</field>
      </fields>
      <pins>
        <pin num="1" name="A" type="passive"/>
        <pin num="2" name="B" type="passive"/>
        <pin num="3" name="C" type="passive"/>
      </pins>
    </libpart>
    <libpart lib="Transistor_BJT" part="2N3904">
      <description>0.2A Ic, 40V Vce, Small Signal NPN Transistor, TO-92</description>
      <docs>https://www.onsemi.com/pub/Collateral/2N3903-D.PDF</docs>
      <footprints>
        <fp>TO?92*</fp>
      </footprints>
      <fields>
        <field name="Reference">Q</field>
        <field name="Value">2N3904</field>
        <field name="Footprint">Package_TO_SOT_THT:TO-92_Inline</field>
      </fields>
      <pins>
        <pin num="1" name="E" type="passive"/>
        <pin num="2" name="B" type="passive"/>
        <pin num="3" name="C" type="passive"/>
      </pins>
    </libpart>
    <libpart lib="Transistor_FET" part="TP0610T">
      <aliases>
        <alias>VP0610T</alias>
        <alias>BSS84</alias>
        <alias>NTR2101P</alias>
        <alias>BSS83P</alias>
        <alias>Si2319CDS</alias>
        <alias>IRLML6401</alias>
        <alias>IRLML6402</alias>
        <alias>DMG2301L</alias>
        <alias>AO3401A</alias>
        <alias>IRLML9301</alias>
        <alias>IRLML5203</alias>
        <alias>Si2371EDS</alias>
        <alias>TSM2301ACX</alias>
        <alias>FDN340P</alias>
      </aliases>
      <description>-0.18A Id, -60V Vds, P-Channel MOSFET, SOT-23</description>
      <docs>http://www.vishay.com/docs/70209/70209.pdf</docs>
      <footprints>
        <fp>SOT?23*</fp>
      </footprints>
      <fields>
        <field name="Reference">Q</field>
        <field name="Value">TP0610T</field>
        <field name="Footprint">Package_TO_SOT_SMD:SOT-23</field>
      </fields>
      <pins>
        <pin num="1" name="G" type="input"/>
        <pin num="2" name="S" type="passive"/>
        <pin num="3" name="D" type="passive"/>
      </pins>
    </libpart>
  </libparts>
  <libraries>
    <library logical="Connector">
      <uri>C:\Program Files\KiCad\share\kicad\library/Connector.lib</uri>
    </library>
    <library logical="Connector_Generic">
      <uri>C:\Program Files\KiCad\share\kicad\library/Connector_Generic.lib</uri>
    </library>
    <library logical="Device">
      <uri>C:\Program Files\KiCad\share\kicad\library/Device.lib</uri>
    </library>
    <library logical="Mechanical">
      <uri>C:\Program Files\KiCad\share\kicad\library/Mechanical.lib</uri>
    </library>
    <library logical="Mojed">
      <uri>C:/Users/barto/Desktop/Rzeczy/KiCAD-lib/Mojed.lib</uri>
    </library>
    <library logical="Power_Protection">
      <uri>C:\Program Files\KiCad\share\kicad\library/Power_Protection.lib</uri>
    </library>
    <library logical="STM32F730R8T6">
      <uri>C:/Users/barto/Desktop/Rzeczy/KiCAD-lib/STM32F730R8T6.lib</uri>
    </library>
    <library logical="Switch">
      <uri>C:\Program Files\KiCad\share\kicad\library/Switch.lib</uri>
    </library>
    <library logical="Transistor_BJT">
      <uri>C:\Program Files\KiCad\share\kicad\library/Transistor_BJT.lib</uri>
    </library>
    <library logical="Transistor_FET">
      <uri>C:\Program Files\KiCad\share\kicad\library/Transistor_FET.lib</uri>
    </library>
  </libraries>
  <nets>
    <net code="1" name="GND">
      <node ref="J5" pin="2"/>
      <node ref="J14" pin="5"/>
      <node ref="J2" pin="2"/>
      <node ref="J3" pin="2"/>
      <node ref="J4" pin="2"/>
      <node ref="J9" pin="2"/>
      <node ref="J7" pin="2"/>
      <node ref="J6" pin="2"/>
      <node ref="J8" pin="2"/>
      <node ref="J13" pin="9"/>
      <node ref="C14" pin="2"/>
      <node ref="C13" pin="2"/>
      <node ref="C12" pin="2"/>
      <node ref="C11" pin="2"/>
      <node ref="C9" pin="2"/>
      <node ref="SW1" pin="3"/>
      <node ref="C10" pin="2"/>
      <node ref="C15" pin="2"/>
      <node ref="J13" pin="5"/>
      <node ref="U3" pin="2"/>
      <node ref="U4" pin="63"/>
      <node ref="U4" pin="47"/>
      <node ref="U4" pin="31"/>
      <node ref="U4" pin="18"/>
      <node ref="U4" pin="12"/>
      <node ref="H1" pin="1"/>
      <node ref="Q8" pin="1"/>
      <node ref="Q7" pin="1"/>
      <node ref="Q6" pin="1"/>
      <node ref="Q16" pin="1"/>
      <node ref="J13" pin="3"/>
      <node ref="J12" pin="4"/>
      <node ref="J11" pin="4"/>
      <node ref="J17" pin="4"/>
      <node ref="C17" pin="2"/>
      <node ref="H4" pin="1"/>
      <node ref="H3" pin="1"/>
      <node ref="H2" pin="1"/>
      <node ref="R5" pin="2"/>
      <node ref="C1" pin="2"/>
      <node ref="Q1" pin="1"/>
      <node ref="R8" pin="2"/>
      <node ref="D3" pin="2"/>
      <node ref="C7" pin="2"/>
      <node ref="C8" pin="2"/>
      <node ref="J10" pin="6"/>
      <node ref="U2" pin="2"/>
      <node ref="D2" pin="2"/>
      <node ref="C3" pin="2"/>
      <node ref="C4" pin="2"/>
      <node ref="Q2" pin="1"/>
      <node ref="R3" pin="2"/>
      <node ref="Y1" pin="2"/>
      <node ref="C20" pin="2"/>
      <node ref="C19" pin="2"/>
      <node ref="Y1" pin="4"/>
      <node ref="C16" pin="2"/>
      <node ref="R12" pin="1"/>
      <node ref="J1" pin="2"/>
      <node ref="R7" pin="2"/>
      <node ref="R10" pin="2"/>
      <node ref="Q13" pin="1"/>
      <node ref="C5" pin="2"/>
      <node ref="U1" pin="2"/>
      <node ref="Q3" pin="1"/>
      <node ref="Q4" pin="1"/>
      <node ref="Q5" pin="1"/>
      <node ref="J15" pin="3"/>
      <node ref="J15" pin="7"/>
      <node ref="Q11" pin="1"/>
      <node ref="Q12" pin="1"/>
      <node ref="Q14" pin="1"/>
      <node ref="Q17" pin="1"/>
      <node ref="Q18" pin="1"/>
      <node ref="J16" pin="2"/>
      <node ref="Q9" pin="1"/>
      <node ref="Q10" pin="1"/>
      <node ref="Q15" pin="1"/>
    </net>
    <net code="2" name="Net-(Q13-Pad2)">
      <node ref="Q13" pin="2"/>
      <node ref="R39" pin="1"/>
    </net>
    <net code="3" name="Net-(Q13-Pad3)">
      <node ref="R40" pin="2"/>
      <node ref="Q14" pin="2"/>
      <node ref="Q13" pin="3"/>
    </net>
    <net code="4" name="Net-(Q17-Pad2)">
      <node ref="Q17" pin="2"/>
      <node ref="R45" pin="1"/>
    </net>
    <net code="5" name="Net-(Q17-Pad3)">
      <node ref="R46" pin="2"/>
      <node ref="Q18" pin="2"/>
      <node ref="Q17" pin="3"/>
    </net>
    <net code="6" name="SERVO8">
      <node ref="Q18" pin="3"/>
      <node ref="R47" pin="2"/>
      <node ref="J9" pin="3"/>
    </net>
    <net code="7" name="Net-(Q10-Pad2)">
      <node ref="R34" pin="2"/>
      <node ref="Q9" pin="3"/>
      <node ref="Q10" pin="2"/>
    </net>
    <net code="8" name="SERVO7">
      <node ref="R44" pin="2"/>
      <node ref="J8" pin="3"/>
      <node ref="Q16" pin="3"/>
    </net>
    <net code="9" name="Net-(Q15-Pad2)">
      <node ref="R42" pin="1"/>
      <node ref="Q15" pin="2"/>
    </net>
    <net code="10" name="Net-(Q9-Pad2)">
      <node ref="R33" pin="1"/>
      <node ref="Q9" pin="2"/>
    </net>
    <net code="11" name="SERVO4">
      <node ref="J5" pin="3"/>
      <node ref="R35" pin="2"/>
      <node ref="Q10" pin="3"/>
    </net>
    <net code="12" name="Net-(Q11-Pad3)">
      <node ref="Q12" pin="2"/>
      <node ref="Q11" pin="3"/>
      <node ref="R37" pin="2"/>
    </net>
    <net code="13" name="+5V">
      <node ref="R41" pin="1"/>
      <node ref="D1" pin="2"/>
      <node ref="J15" pin="1"/>
      <node ref="J5" pin="1"/>
      <node ref="R40" pin="1"/>
      <node ref="R46" pin="1"/>
      <node ref="R25" pin="1"/>
      <node ref="J9" pin="1"/>
      <node ref="U3" pin="5"/>
      <node ref="J4" pin="1"/>
      <node ref="J14" pin="1"/>
      <node ref="J2" pin="1"/>
      <node ref="J7" pin="1"/>
      <node ref="R44" pin="1"/>
      <node ref="J6" pin="1"/>
      <node ref="J3" pin="1"/>
      <node ref="J8" pin="1"/>
      <node ref="R26" pin="1"/>
      <node ref="R29" pin="1"/>
      <node ref="L2" pin="2"/>
      <node ref="C7" pin="1"/>
      <node ref="C8" pin="1"/>
      <node ref="R34" pin="1"/>
      <node ref="R35" pin="1"/>
      <node ref="J10" pin="5"/>
      <node ref="R6" pin="2"/>
      <node ref="R31" pin="1"/>
      <node ref="R43" pin="1"/>
      <node ref="R47" pin="1"/>
      <node ref="R32" pin="1"/>
      <node ref="R37" pin="1"/>
      <node ref="R38" pin="1"/>
      <node ref="R28" pin="1"/>
    </net>
    <net code="14" name="Net-(Q3-Pad3)">
      <node ref="Q4" pin="2"/>
      <node ref="Q3" pin="3"/>
      <node ref="R25" pin="2"/>
    </net>
    <net code="15" name="Net-(Q5-Pad3)">
      <node ref="R28" pin="2"/>
      <node ref="Q5" pin="3"/>
      <node ref="Q6" pin="2"/>
    </net>
    <net code="16" name="Net-(Q7-Pad3)">
      <node ref="Q7" pin="3"/>
      <node ref="R31" pin="2"/>
      <node ref="Q8" pin="2"/>
    </net>
    <net code="17" name="Net-(Q15-Pad3)">
      <node ref="Q15" pin="3"/>
      <node ref="R43" pin="2"/>
      <node ref="Q16" pin="2"/>
    </net>
    <net code="18" name="Net-(Q3-Pad2)">
      <node ref="Q3" pin="2"/>
      <node ref="R24" pin="1"/>
    </net>
    <net code="19" name="SERVO1">
      <node ref="Q4" pin="3"/>
      <node ref="J2" pin="3"/>
      <node ref="R26" pin="2"/>
    </net>
    <net code="20" name="Net-(J12-Pad3)">
      <node ref="J12" pin="3"/>
      <node ref="R21" pin="1"/>
    </net>
    <net code="21" name="+3V3">
      <node ref="R16" pin="2"/>
      <node ref="J12" pin="1"/>
      <node ref="R1" pin="2"/>
      <node ref="J11" pin="1"/>
      <node ref="C4" pin="1"/>
      <node ref="L1" pin="2"/>
      <node ref="U4" pin="1"/>
      <node ref="C3" pin="1"/>
      <node ref="SW1" pin="1"/>
      <node ref="J13" pin="1"/>
      <node ref="U4" pin="32"/>
      <node ref="C13" pin="1"/>
      <node ref="J17" pin="1"/>
      <node ref="R17" pin="2"/>
      <node ref="C9" pin="1"/>
      <node ref="C10" pin="1"/>
      <node ref="C11" pin="1"/>
      <node ref="J15" pin="2"/>
      <node ref="C12" pin="1"/>
      <node ref="C14" pin="1"/>
      <node ref="R15" pin="2"/>
      <node ref="R14" pin="2"/>
      <node ref="U4" pin="64"/>
      <node ref="U4" pin="48"/>
      <node ref="U4" pin="19"/>
      <node ref="L3" pin="1"/>
    </net>
    <net code="22" name="Net-(Q5-Pad2)">
      <node ref="R27" pin="1"/>
      <node ref="Q5" pin="2"/>
    </net>
    <net code="23" name="I2C3_SCL">
      <node ref="R16" pin="1"/>
      <node ref="U4" pin="41"/>
      <node ref="R48" pin="2"/>
      <node ref="J15" pin="4"/>
    </net>
    <net code="24" name="I2C3_SDA">
      <node ref="R49" pin="2"/>
      <node ref="J15" pin="5"/>
      <node ref="R17" pin="1"/>
      <node ref="U4" pin="40"/>
    </net>
    <net code="25" name="SERVO3">
      <node ref="R32" pin="2"/>
      <node ref="J4" pin="3"/>
      <node ref="Q8" pin="3"/>
    </net>
    <net code="26" name="Net-(Q11-Pad2)">
      <node ref="R36" pin="1"/>
      <node ref="Q11" pin="2"/>
    </net>
    <net code="27" name="SERVO5">
      <node ref="R38" pin="2"/>
      <node ref="J6" pin="3"/>
      <node ref="Q12" pin="3"/>
    </net>
    <net code="28" name="SERVO2">
      <node ref="Q6" pin="3"/>
      <node ref="R29" pin="2"/>
      <node ref="J3" pin="3"/>
    </net>
    <net code="29" name="Net-(Q7-Pad2)">
      <node ref="R30" pin="1"/>
      <node ref="Q7" pin="2"/>
    </net>
    <net code="30" name="Net-(U4-Pad2)">
      <node ref="U4" pin="2"/>
    </net>
    <net code="31" name="Net-(U4-Pad3)">
      <node ref="U4" pin="3"/>
    </net>
    <net code="32" name="Net-(U4-Pad4)">
      <node ref="U4" pin="4"/>
    </net>
    <net code="33" name="HSE_IN">
      <node ref="Y1" pin="1"/>
      <node ref="C19" pin="1"/>
      <node ref="U4" pin="5"/>
    </net>
    <net code="34" name="HSE_OUT">
      <node ref="R13" pin="1"/>
      <node ref="U4" pin="6"/>
    </net>
    <net code="35" name="NRST">
      <node ref="R23" pin="1"/>
      <node ref="U4" pin="7"/>
    </net>
    <net code="36" name="Net-(U4-Pad35)">
      <node ref="U4" pin="35"/>
    </net>
    <net code="37" name="Net-(U4-Pad36)">
      <node ref="U4" pin="36"/>
    </net>
    <net code="38" name="Net-(U4-Pad54)">
      <node ref="U4" pin="54"/>
    </net>
    <net code="39" name="Net-(U4-Pad43)">
      <node ref="U4" pin="43"/>
    </net>
    <net code="40" name="Net-(U4-Pad42)">
      <node ref="U4" pin="42"/>
    </net>
    <net code="41" name="Net-(U4-Pad21)">
      <node ref="U4" pin="21"/>
    </net>
    <net code="42" name="Net-(U4-Pad20)">
      <node ref="U4" pin="20"/>
    </net>
    <net code="43" name="Net-(U4-Pad17)">
      <node ref="U4" pin="17"/>
    </net>
    <net code="44" name="Net-(U4-Pad15)">
      <node ref="U4" pin="15"/>
    </net>
    <net code="45" name="Net-(U4-Pad8)">
      <node ref="U4" pin="8"/>
    </net>
    <net code="46" name="Net-(U4-Pad50)">
      <node ref="U4" pin="50"/>
    </net>
    <net code="47" name="Net-(U4-Pad24)">
      <node ref="U4" pin="24"/>
    </net>
    <net code="48" name="Net-(U4-Pad37)">
      <node ref="U4" pin="37"/>
    </net>
    <net code="49" name="Net-(U4-Pad53)">
      <node ref="U4" pin="53"/>
    </net>
    <net code="50" name="USART3_RX">
      <node ref="U4" pin="52"/>
      <node ref="R21" pin="2"/>
    </net>
    <net code="51" name="GPIO_EXTI7">
      <node ref="U4" pin="38"/>
      <node ref="J15" pin="6"/>
    </net>
    <net code="52" name="GPIO_EXTI8">
      <node ref="U4" pin="39"/>
      <node ref="J15" pin="8"/>
    </net>
    <net code="53" name="USB_D-">
      <node ref="U4" pin="44"/>
      <node ref="U3" pin="6"/>
    </net>
    <net code="54" name="USB_D+">
      <node ref="U4" pin="45"/>
      <node ref="U3" pin="4"/>
    </net>
    <net code="55" name="SWDIO">
      <node ref="U4" pin="46"/>
      <node ref="R22" pin="1"/>
    </net>
    <net code="56" name="SWCLK">
      <node ref="U4" pin="49"/>
      <node ref="J13" pin="4"/>
    </net>
    <net code="57" name="USART3_TX">
      <node ref="U4" pin="51"/>
      <node ref="R20" pin="2"/>
    </net>
    <net code="58" name="SPI2_SCK">
      <node ref="U4" pin="34"/>
      <node ref="J10" pin="2"/>
    </net>
    <net code="59" name="SWO">
      <node ref="J13" pin="6"/>
      <node ref="U4" pin="55"/>
    </net>
    <net code="60" name="Net-(U4-Pad56)">
      <node ref="U4" pin="56"/>
    </net>
    <net code="61" name="Net-(U4-Pad57)">
      <node ref="U4" pin="57"/>
    </net>
    <net code="62" name="TIM4_CH1">
      <node ref="U4" pin="58"/>
      <node ref="R24" pin="2"/>
    </net>
    <net code="63" name="TIM4_CH2">
      <node ref="R27" pin="2"/>
      <node ref="U4" pin="59"/>
    </net>
    <net code="64" name="TIM4_CH3">
      <node ref="U4" pin="61"/>
      <node ref="R42" pin="2"/>
    </net>
    <net code="65" name="TIM4_CH4">
      <node ref="R45" pin="2"/>
      <node ref="U4" pin="62"/>
    </net>
    <net code="66" name="BOOT0">
      <node ref="U4" pin="60"/>
      <node ref="R11" pin="2"/>
    </net>
    <net code="67" name="SD_CS">
      <node ref="U4" pin="9"/>
      <node ref="J10" pin="1"/>
    </net>
    <net code="68" name="SPI2_MISO">
      <node ref="U4" pin="10"/>
      <node ref="J10" pin="4"/>
    </net>
    <net code="69" name="SPI2_MOSI">
      <node ref="J10" pin="3"/>
      <node ref="U4" pin="11"/>
    </net>
    <net code="70" name="+3.3VA">
      <node ref="C15" pin="1"/>
      <node ref="U4" pin="13"/>
      <node ref="C16" pin="1"/>
      <node ref="L3" pin="2"/>
    </net>
    <net code="71" name="Net-(U4-Pad14)">
      <node ref="U4" pin="14"/>
    </net>
    <net code="72" name="LED_STATUS">
      <node ref="U4" pin="16"/>
      <node ref="D4" pin="2"/>
    </net>
    <net code="73" name="Net-(U4-Pad33)">
      <node ref="U4" pin="33"/>
    </net>
    <net code="74" name="TIM3_CH1">
      <node ref="R39" pin="2"/>
      <node ref="U4" pin="22"/>
    </net>
    <net code="75" name="TIM3_CH2">
      <node ref="R36" pin="2"/>
      <node ref="U4" pin="23"/>
    </net>
    <net code="76" name="TIM3_CH3">
      <node ref="R33" pin="2"/>
      <node ref="U4" pin="25"/>
    </net>
    <net code="77" name="TIM3_CH4">
      <node ref="R30" pin="2"/>
      <node ref="U4" pin="26"/>
    </net>
    <net code="78" name="Net-(U4-Pad27)">
      <node ref="U4" pin="27"/>
    </net>
    <net code="79" name="I2C2_SCL">
      <node ref="R18" pin="2"/>
      <node ref="R14" pin="1"/>
      <node ref="U4" pin="28"/>
    </net>
    <net code="80" name="I2C2_SDA">
      <node ref="R19" pin="2"/>
      <node ref="U4" pin="29"/>
      <node ref="R15" pin="1"/>
    </net>
    <net code="81" name="Net-(C17-Pad1)">
      <node ref="C17" pin="1"/>
      <node ref="U4" pin="30"/>
    </net>
    <net code="82" name="+7.5V">
      <node ref="J1" pin="1"/>
      <node ref="Q1" pin="3"/>
    </net>
    <net code="83" name="+10V">
      <node ref="J16" pin="1"/>
      <node ref="F2" pin="2"/>
    </net>
    <net code="84" name="Net-(J17-Pad2)">
      <node ref="J17" pin="2"/>
      <node ref="R48" pin="1"/>
    </net>
    <net code="85" name="Net-(J17-Pad3)">
      <node ref="R49" pin="1"/>
      <node ref="J17" pin="3"/>
    </net>
    <net code="86" name="Net-(J12-Pad2)">
      <node ref="R20" pin="1"/>
      <node ref="J12" pin="2"/>
    </net>
    <net code="87" name="Net-(F1-Pad1)">
      <node ref="FB1" pin="2"/>
      <node ref="F1" pin="1"/>
    </net>
    <net code="88" name="Net-(D1-Pad1)">
      <node ref="Q1" pin="2"/>
      <node ref="D1" pin="1"/>
      <node ref="F1" pin="2"/>
    </net>
    <net code="89" name="Net-(J13-Pad10)">
      <node ref="J13" pin="10"/>
      <node ref="R23" pin="2"/>
    </net>
    <net code="90" name="Net-(J11-Pad2)">
      <node ref="R18" pin="1"/>
      <node ref="J11" pin="2"/>
    </net>
    <net code="91" name="Net-(J11-Pad3)">
      <node ref="J11" pin="3"/>
      <node ref="R19" pin="1"/>
    </net>
    <net code="92" name="Net-(J13-Pad2)">
      <node ref="J13" pin="2"/>
      <node ref="R22" pin="2"/>
    </net>
    <net code="93" name="Net-(J13-Pad7)">
      <node ref="J13" pin="7"/>
    </net>
    <net code="94" name="Net-(J13-Pad8)">
      <node ref="J13" pin="8"/>
    </net>
    <net code="95" name="SERVO6">
      <node ref="Q14" pin="3"/>
      <node ref="R41" pin="2"/>
      <node ref="J7" pin="3"/>
    </net>
    <net code="96" name="Net-(J14-Pad4)">
      <node ref="J14" pin="4"/>
    </net>
    <net code="97" name="Net-(J14-Pad6)">
      <node ref="J14" pin="6"/>
    </net>
    <net code="98" name="USB_CONN_D-">
      <node ref="J14" pin="2"/>
      <node ref="U3" pin="1"/>
    </net>
    <net code="99" name="USB_CONN_D+">
      <node ref="J14" pin="3"/>
      <node ref="U3" pin="3"/>
    </net>
    <net code="100" name="Net-(R11-Pad1)">
      <node ref="R11" pin="1"/>
      <node ref="SW1" pin="2"/>
    </net>
    <net code="101" name="Net-(D4-Pad1)">
      <node ref="R12" pin="2"/>
      <node ref="D4" pin="1"/>
    </net>
    <net code="102" name="Net-(C20-Pad1)">
      <node ref="Y1" pin="3"/>
      <node ref="R13" pin="2"/>
      <node ref="C20" pin="1"/>
    </net>
    <net code="103" name="SERVO_EN">
      <node ref="R10" pin="1"/>
      <node ref="R9" pin="2"/>
      <node ref="U2" pin="4"/>
    </net>
    <net code="104" name="BUCK_BST">
      <node ref="C2" pin="1"/>
      <node ref="U1" pin="1"/>
    </net>
    <net code="105" name="BUCK_SW">
      <node ref="D2" pin="1"/>
      <node ref="L1" pin="1"/>
      <node ref="U1" pin="6"/>
      <node ref="C2" pin="2"/>
    </net>
    <net code="106" name="BUCK_FB">
      <node ref="R2" pin="1"/>
      <node ref="R1" pin="1"/>
      <node ref="U1" pin="3"/>
    </net>
    <net code="107" name="SERVO_BST">
      <node ref="C6" pin="1"/>
      <node ref="U2" pin="1"/>
    </net>
    <net code="108" name="SERVO_SW">
      <node ref="U2" pin="6"/>
      <node ref="C6" pin="2"/>
      <node ref="D3" pin="1"/>
      <node ref="L2" pin="1"/>
    </net>
    <net code="109" name="Net-(FB2-Pad2)">
      <node ref="FB2" pin="2"/>
      <node ref="Q2" pin="2"/>
    </net>
    <net code="110" name="Net-(F2-Pad1)">
      <node ref="Q2" pin="3"/>
      <node ref="F2" pin="1"/>
    </net>
    <net code="111" name="BUCK_IN">
      <node ref="C1" pin="1"/>
      <node ref="U1" pin="5"/>
      <node ref="FB1" pin="1"/>
      <node ref="R4" pin="1"/>
    </net>
    <net code="112" name="BUCK_EN">
      <node ref="U1" pin="4"/>
      <node ref="R5" pin="1"/>
      <node ref="R4" pin="2"/>
    </net>
    <net code="113" name="Net-(R2-Pad2)">
      <node ref="R3" pin="1"/>
      <node ref="R2" pin="2"/>
    </net>
    <net code="114" name="SERVO_FB">
      <node ref="R7" pin="1"/>
      <node ref="U2" pin="3"/>
      <node ref="R6" pin="1"/>
      <node ref="R8" pin="1"/>
    </net>
    <net code="115" name="SERVO_IN">
      <node ref="U2" pin="5"/>
      <node ref="C5" pin="1"/>
      <node ref="FB2" pin="1"/>
      <node ref="R9" pin="1"/>
    </net>
  </nets>
</export>
