Comment,Designator,Footprint,LCSC
"10u","C1,C3,C4,C5,C7,C8","Capacitor_SMD:C_1206_3216Metric","C13585"
"100n","C10,C11,C12,C13,C14","Capacitor_SMD:C_0402_1005Metric","C1525"
"1u","C15","Capacitor_SMD:C_0402_1005Metric","C52923"
"10n","C16","Capacitor_SMD:C_0402_1005Metric","C15195"
"12p","C19,C20","Capacitor_SMD:C_0402_1005Metric","C1547"
"10n","C2,C6","Capacitor_SMD:C_0603_1608Metric","C57112"
"4u7","C9,C17","Capacitor_SMD:C_0603_1608Metric","C19666"
"B5819W","D1,D2,D3","Diode_SMD:D_SOD-123","C8598"
"BLUE","D4","LED_SMD:LED_0603_1608Metric","C72041"
"250 mA","F1","Fuse:Fuse_1206_3216Metric","C369154"
"750 mA","F2","Fuse:Fuse_1206_3216Metric","C99562"
"600@ 600MHz","FB1,FB2","Inductor_SMD:L_0805_2012Metric","C1017"
"MountingHole_Pad","H1,H2,H3,H4","MountingHole:MountingHole_4.5mm_Pad_Via",""
"Screw_Terminal_01x02","J1,J16","TerminalBlock_Phoenix:TerminalBlock_Phoenix_PT-1,5-2-3.5-H_1x02_P3.50mm_Horizontal",""
"mircoSD_adapte","J10","Connector_PinHeader_1.27mm:PinHeader_2x03_P1.27mm_Vertical_SMD",""
"I2C2","J11","Connector_Molex:Molex_PicoBlade_53047-0410_1x04_P1.25mm_Vertical",""
"USART","J12","Connector_Molex:Molex_PicoBlade_53047-0410_1x04_P1.25mm_Vertical",""
"SWD","J13","Connector_PinHeader_1.27mm:PinHeader_2x05_P1.27mm_Vertical_SMD",""
"USB_B_Micro","J14","Connector_USB:USB_Micro-B_Wuerth_629105150521_CircularHoles",""
"GY-88","J15","Connector_PinHeader_1.27mm:PinHeader_2x04_P1.27mm_Vertical",""
"I2C3","J17","Connector_Molex:Molex_PicoBlade_53047-0410_1x04_P1.25mm_Vertical",""
"SERVO_1","J2","Connector_PinHeader_2.00mm:PinHeader_1x03_P2.00mm_Vertical",""
"SERVO_2","J3","Connector_PinHeader_2.00mm:PinHeader_1x03_P2.00mm_Vertical",""
"SERVO_3","J4","Connector_PinHeader_2.00mm:PinHeader_1x03_P2.00mm_Vertical",""
"SERVO_4","J5","Connector_PinHeader_2.00mm:PinHeader_1x03_P2.00mm_Vertical",""
"SERVO_5","J6","Connector_PinHeader_2.00mm:PinHeader_1x03_P2.00mm_Vertical",""
"SERVO_6","J7","Connector_PinHeader_2.00mm:PinHeader_1x03_P2.00mm_Vertical",""
"SERVO_7","J8","Connector_PinHeader_2.00mm:PinHeader_1x03_P2.00mm_Vertical",""
"SERVO_8","J9","Connector_PinHeader_2.00mm:PinHeader_1x03_P2.00mm_Vertical",""
"10u","L1,L2","Inductor_SMD:L_Sunlord_MWSA0518_5.4x5.2mm","C150031"
"39n","L3","Inductor_SMD:L_0402_1005Metric","C26443"
"AO3401A","Q1,Q2","Package_TO_SOT_SMD:SOT-23","C15127"
"2N3904","Q3,Q4,Q5,Q6,Q7,Q8,Q9,Q10,Q11,Q12,Q13,Q14,Q15,Q16,Q17,Q18","Package_TO_SOT_THT:TO-92_Inline","C118538"
"47k","R1,R6","Resistor_SMD:R_0603_1608Metric","C25819"
"10k","R11","Resistor_SMD:R_0402_1005Metric","C25744"
"1k5","R12","Resistor_SMD:R_0603_1608Metric","C22843"
"47","R13","Resistor_SMD:R_0402_1005Metric","C25118"
"2k2","R14,R15,R16,R17","Resistor_SMD:R_0603_1608Metric","C4190"
"15k","R2","Resistor_SMD:R_0603_1608Metric","C22809"
"22","R18,R19,R20,R21,R22,R23,R48,R49","Resistor_SMD:R_0402_1005Metric","C25092"
"4.7k","R24,R25,R27,R28,R30,R31,R33,R34,R36,R37,R39,R40,R42,R43,R45,R46","Resistor_SMD:R_0402_1005Metric","25900"
"1k","R26,R29,R32,R35,R38,R41,R44,R47","Resistor_SMD:R_0402_1005Metric","C11702"
"270","R3","Resistor_SMD:R_0603_1608Metric","C22966"
"100k","R4,R9","Resistor_SMD:R_0603_1608Metric","C25803"
"56k","R5,R10","Resistor_SMD:R_0603_1608Metric","C23206"
"91k","R7","Resistor_SMD:R_0603_1608Metric","C23265"
"10k","R8","Resistor_SMD:R_0603_1608Metric","C25804"
"SW_SPDT","SW1","Button_Switch_SMD:SW_SPDT_PCM12","C221841"
"MP2359DJ-LF-Z","U1,U2","Package_TO_SOT_SMD:SOT-23-6","C14259"
"USBLC6-2SC6","U3","Package_TO_SOT_SMD:SOT-23-6","C558442"
"STM32F730R8T6","U4","Package_QFP:LQFP-64_10x10mm_P0.5mm","C478453"
"16MHz","Y1","Crystal:Crystal_SMD_3225-4Pin_3.2x2.5mm","C13738"